dir,entry,sl,tp,lot,open_ts,session,exit,reason,pnl,year,month,date
SHORT,889.98,897.02,875.9,0.14,2009-04-16 08:45:00+00:00,London,875.9,tp,196.12000000000057,2009,4,2009-04-16
SHORT,870.18,876.79,856.95,0.15,2009-04-17 08:30:00+00:00,London,876.79,sl,-100.1500000000002,2009,4,2009-04-20
LONG,894.33,889.22,904.55,0.2,2009-04-23 06:15:00+00:00,London,904.55,tp,203.39999999999827,2009,4,2009-04-23
SHORT,881.75,887.91,869.42,0.16,2009-05-01 07:00:00+00:00,London,887.91,sl,-99.55999999999949,2009,5,2009-05-01
LONG,903.18,896.26,917.01,0.14,2009-05-05 06:30:00+00:00,London,896.26,sl,-97.87999999999943,2009,5,2009-05-05
LONG,903.8,897.13,917.15,0.15,2009-05-06 06:15:00+00:00,London,917.15,tp,199.25000000000034,2009,5,2009-05-07
LONG,916.75,910.65,928.95,0.16,2009-05-08 07:15:00+00:00,London,910.65,sl,-98.60000000000036,2009,5,2009-05-08
LONG,918.73,913.5,929.2,0.19,2009-05-12 07:00:00+00:00,London,929.2,tp,197.93000000000052,2009,5,2009-05-13
LONG,928.73,924.09,938.01,0.22,2009-05-15 08:30:00+00:00,London,924.09,sl,-103.0799999999997,2009,5,2009-05-18
LONG,929.93,925.54,938.7,0.23,2009-05-20 06:30:00+00:00,London,938.7,tp,200.7100000000022,2009,5,2009-05-20
LONG,952.8,945.8,966.8,0.14,2009-05-28 08:30:00+00:00,London,966.8,tp,195.00000000000003,2009,5,2009-05-29
SHORT,933.58,939.44,921.85,0.17,2009-07-02 08:00:00+00:00,London,921.85,tp,198.41000000000034,2009,7,2009-07-06
SHORT,921.95,926.47,912.9,0.22,2009-07-06 08:30:00+00:00,London,926.47,sl,-100.4399999999996,2009,7,2009-07-07
SHORT,921.48,926.78,910.87,0.19,2009-07-08 06:45:00+00:00,London,910.87,tp,200.59000000000026,2009,7,2009-07-08
SHORT,908.53,913.62,898.35,0.2,2009-07-10 07:15:00+00:00,London,913.62,sl,-102.80000000000065,2009,7,2009-07-10
LONG,934.98,930.72,943.49,0.23,2009-07-17 08:45:00+00:00,London,943.49,tp,194.7299999999998,2009,7,2009-07-20
LONG,954.58,949.94,963.86,0.22,2009-07-23 08:00:00+00:00,London,949.94,sl,-103.0799999999997,2009,7,2009-07-23
LONG,952.05,947.7,960.75,0.23,2009-07-24 08:30:00+00:00,London,947.7,sl,-101.04999999999791,2009,7,2009-07-28
SHORT,933.38,939.51,921.13,0.16,2009-07-29 08:30:00+00:00,London,939.51,sl,-99.07999999999993,2009,7,2009-07-31
LONG,954.45,948.6,966.15,0.17,2009-08-03 06:00:00+00:00,London,966.15,tp,197.89999999999887,2009,8,2009-08-04
LONG,965.93,961.1,975.58,0.21,2009-08-05 07:45:00+00:00,London,961.1,sl,-102.42999999999847,2009,8,2009-08-05
LONG,962.45,956.85,973.65,0.18,2009-08-06 07:00:00+00:00,London,956.85,sl,-101.8000000000004,2009,8,2009-08-06
SHORT,946.63,950.99,937.92,0.23,2009-08-11 07:00:00+00:00,London,950.99,sl,-101.28000000000033,2009,8,2009-08-12
LONG,956.2,951.52,965.55,0.21,2009-08-14 06:45:00+00:00,London,951.52,sl,-99.28000000000134,2009,8,2009-08-14
LONG,955.48,951.35,963.74,0.24,2009-08-24 07:00:00+00:00,London,951.35,sl,-100.11999999999989,2009,8,2009-08-24
LONG,951.63,946.95,960.99,0.21,2009-08-28 08:00:00+00:00,London,946.95,sl,-99.27999999999895,2009,8,2009-08-31
LONG,1003.73,996.59,1018.02,0.14,2009-09-11 08:30:00+00:00,London,996.59,sl,-100.95999999999981,2009,9,2009-09-14
LONG,1016.73,1010.92,1028.36,0.17,2009-09-22 08:15:00+00:00,London,1010.92,sl,-99.77000000000102,2009,9,2009-09-23
SHORT,988.15,995.62,973.22,0.13,2009-09-25 08:30:00+00:00,London,995.62,sl,-98.11000000000037,2009,9,2009-09-28
SHORT,1039.8,1045.25,1028.91,0.18,2009-10-27 06:30:00+00:00,London,1028.91,tp,195.0199999999977,2009,10,2009-10-28
LONG,1108.18,1101.32,1121.9,0.15,2009-11-13 08:15:00+00:00,London,1121.9,tp,204.80000000000038,2009,11,2009-11-16
LONG,1169.18,1162.05,1183.44,0.14,2009-11-24 07:00:00+00:00,London,1183.44,tp,198.63999999999987,2009,11,2009-11-25
LONG,1185.68,1178.61,1199.81,0.14,2009-11-26 08:00:00+00:00,London,1178.61,sl,-99.9800000000023,2009,11,2009-11-27
LONG,1194.35,1183.32,1216.42,0.09,2009-12-01 06:45:00+00:00,London,1216.42,tp,197.63000000000147,2009,12,2009-12-02
SHORT,1120.5,1129.41,1102.68,0.11,2009-12-14 08:45:00+00:00,London,1129.41,sl,-99.0100000000009,2009,12,2009-12-16
SHORT,1105.93,1115.14,1087.51,0.11,2009-12-18 07:30:00+00:00,London,1115.14,sl,-102.31000000000041,2009,12,2009-12-18
SHORT,1081.4,1089.13,1065.94,0.13,2009-12-23 07:00:00+00:00,London,1089.13,sl,-101.49000000000024,2009,12,2009-12-23
SHORT,1092.1,1097.66,1080.99,0.18,2009-12-30 06:00:00+00:00,London,1097.66,sl,-101.0800000000031,2009,12,2009-12-30
SHORT,1102.93,1109.15,1090.48,0.16,2009-12-31 08:30:00+00:00,London,1109.15,sl,-100.52000000000044,2010,1,2010-01-04
LONG,1123.48,1115.53,1139.39,0.13,2010-01-08 08:15:00+00:00,London,1139.39,tp,205.8300000000011,2010,1,2010-01-11
SHORT,1104.95,1114.46,1085.93,0.11,2010-01-21 08:45:00+00:00,London,1085.93,tp,208.21999999999977,2010,1,2010-01-22
SHORT,1095.23,1102.12,1081.46,0.15,2010-01-27 08:00:00+00:00,London,1081.46,tp,205.5499999999997,2010,1,2010-01-27
SHORT,1088.05,1095.19,1073.76,0.14,2010-01-28 06:45:00+00:00,London,1095.19,sl,-100.96000000000141,2010,1,2010-01-28
SHORT,1083.93,1092.35,1067.08,0.12,2010-01-29 08:45:00+00:00,London,1092.35,sl,-102.03999999999813,2010,2,2010-02-01
LONG,1112.08,1102.19,1131.86,0.1,2010-02-18 08:15:00+00:00,London,1102.19,sl,-99.89999999999873,2010,2,2010-02-18
LONG,1110.03,1099.38,1131.33,0.09,2010-02-19 08:15:00+00:00,London,1099.38,sl,-96.84999999999877,2010,2,2010-02-23
SHORT,1091.55,1099.35,1075.95,0.13,2010-02-25 06:00:00+00:00,London,1099.35,sl,-102.39999999999941,2010,2,2010-02-25
SHORT,1106.75,1112.8,1094.65,0.17,2010-03-11 06:30:00+00:00,London,1112.8,sl,-103.84999999999924,2010,3,2010-03-11
SHORT,1111.8,1118.63,1098.15,0.15,2010-03-12 08:30:00+00:00,London,1118.63,sl,-103.4500000000023,2010,3,2010-03-16
SHORT,1099.95,1106.58,1086.68,0.15,2010-03-22 08:45:00+00:00,London,1106.58,sl,-100.44999999999821,2010,3,2010-03-23
SHORT,1095.73,1101.89,1083.42,0.16,2010-03-24 07:00:00+00:00,London,1101.89,sl,-99.56000000000131,2010,3,2010-03-26
LONG,1110.83,1106.03,1120.44,0.21,2010-03-30 06:30:00+00:00,London,1106.03,sl,-101.79999999999905,2010,3,2010-03-30
LONG,1116.35,1111.73,1125.58,0.22,2010-04-01 06:30:00+00:00,London,1125.58,tp,202.06000000000043,2010,4,2010-04-01
LONG,1120.2,1115.31,1129.97,0.2,2010-04-02 06:00:00+00:00,London,1129.97,tp,194.39999999999964,2010,4,2010-04-05
LONG,1136.18,1131.43,1145.68,0.21,2010-04-07 06:00:00+00:00,London,1145.68,tp,198.5,2010,4,2010-04-07
LONG,1146.38,1141.27,1156.61,0.2,2010-04-08 07:00:00+00:00,London,1156.61,tp,203.59999999999582,2010,4,2010-04-09
LONG,1158.88,1153.51,1169.61,0.19,2010-04-14 07:45:00+00:00,London,1153.51,sl,-103.03000000000225,2010,4,2010-04-14
LONG,1156.18,1150.63,1167.28,0.18,2010-04-26 07:45:00+00:00,London,1150.63,sl,-100.89999999999918,2010,4,2010-04-26
LONG,1164.68,1158.44,1177.16,0.16,2010-04-28 07:30:00+00:00,London,1177.16,tp,198.6800000000003,2010,4,2010-04-30
LONG,1175.25,1169.15,1187.45,0.16,2010-04-30 08:30:00+00:00,London,1187.45,tp,194.20000000000073,2010,5,2010-05-03
SHORT,1179.23,1191.48,1154.73,0.08,2010-05-21 07:00:00+00:00,London,1191.48,sl,-99.0,2010,5,2010-05-24
LONG,1214.18,1208.86,1224.81,0.19,2010-05-28 07:00:00+00:00,London,1208.86,sl,-102.0800000000031,2010,5,2010-05-28
LONG,1223.08,1218.38,1232.48,0.21,2010-06-01 07:15:00+00:00,London,1218.38,sl,-99.69999999999618,2010,6,2010-06-02
LONG,1234.68,1228.89,1246.25,0.17,2010-06-16 08:00:00+00:00,London,1228.89,sl,-99.42999999999938,2010,6,2010-06-16
LONG,1245.83,1238.01,1261.48,0.13,2010-06-25 06:30:00+00:00,London,1261.48,tp,202.45000000000118,2010,6,2010-06-28
SHORT,1197.38,1204.9,1182.34,0.13,2010-07-08 08:15:00+00:00,London,1204.9,sl,-98.75999999999976,2010,7,2010-07-09
SHORT,1184.3,1192.02,1168.86,0.13,2010-07-27 08:00:00+00:00,London,1168.86,tp,199.7200000000007,2010,7,2010-07-27
SHORT,1166.23,1171.42,1155.85,0.19,2010-07-29 06:15:00+00:00,London,1171.42,sl,-99.61000000000104,2010,7,2010-07-30
LONG,1207.65,1203.01,1216.92,0.22,2010-08-09 07:15:00+00:00,London,1203.01,sl,-103.08000000000219,2010,8,2010-08-09
LONG,1206.53,1199.66,1220.27,0.15,2010-08-12 08:15:00+00:00,London,1220.27,tp,205.10000000000014,2010,8,2010-08-16
LONG,1236.1,1230.15,1248.0,0.17,2010-08-25 08:45:00+00:00,London,1248.0,tp,201.30000000000157,2010,8,2010-08-31
LONG,1247.38,1242.95,1256.23,0.23,2010-09-02 06:45:00+00:00,London,1242.95,sl,-102.89000000000148,2010,9,2010-09-03
LONG,1260.25,1255.98,1268.79,0.23,2010-09-08 08:00:00+00:00,London,1255.98,sl,-99.20999999999958,2010,9,2010-09-08
LONG,1253.08,1248.09,1263.06,0.2,2010-09-14 06:30:00+00:00,London,1263.06,tp,198.60000000000036,2010,9,2010-09-14
LONG,1281.25,1276.51,1290.73,0.21,2010-09-20 07:00:00+00:00,London,1276.51,sl,-100.54000000000019,2010,9,2010-09-21
LONG,1291.33,1286.02,1301.96,0.19,2010-09-23 08:30:00+00:00,London,1286.02,sl,-101.88999999999896,2010,9,2010-09-28
LONG,1309.43,1303.96,1320.37,0.18,2010-09-29 07:00:00+00:00,London,1303.96,sl,-99.46000000000049,2010,9,2010-09-30
LONG,1315.33,1309.11,1327.78,0.16,2010-10-01 07:45:00+00:00,London,1327.78,tp,198.20000000000073,2010,10,2010-10-05
LONG,1360.08,1352.07,1376.09,0.12,2010-10-13 08:15:00+00:00,London,1376.09,tp,191.1199999999999,2010,10,2010-10-13
SHORT,1340.68,1350.06,1321.93,0.11,2010-10-20 08:15:00+00:00,London,1321.93,tp,205.25,2010,10,2010-10-21
SHORT,1331.58,1338.92,1316.9,0.14,2010-10-27 07:00:00+00:00,London,1338.92,sl,-103.76000000000205,2010,10,2010-10-28
LONG,1362.68,1352.7,1382.64,0.1,2010-11-04 06:45:00+00:00,London,1382.64,tp,198.60000000000036,2010,11,2010-11-04
SHORT,1357.93,1368.07,1337.65,0.1,2010-11-16 07:45:00+00:00,London,1337.65,tp,201.79999999999973,2010,11,2010-11-16
LONG,1378.18,1369.3,1395.94,0.11,2010-11-24 08:00:00+00:00,London,1369.3,sl,-98.6800000000012,2010,11,2010-11-24
LONG,1400.85,1391.6,1419.35,0.11,2010-12-03 08:30:00+00:00,London,1419.35,tp,202.5,2010,12,2010-12-06
SHORT,1383.55,1390.37,1369.91,0.15,2010-12-16 06:00:00+00:00,London,1369.91,tp,203.59999999999806,2010,12,2010-12-16
SHORT,1371.58,1379.45,1355.84,0.13,2010-12-17 08:15:00+00:00,London,1379.45,sl,-103.31000000000154,2010,12,2010-12-20
LONG,1405.28,1399.32,1417.2,0.17,2010-12-29 08:45:00+00:00,London,1417.2,tp,201.64000000000127,2010,12,2010-12-31
SHORT,1367.35,1375.06,1351.93,0.13,2011-01-14 06:00:00+00:00,London,1375.06,sl,-101.23000000000049,2011,1,2011-01-18
SHORT,1344.13,1351.29,1329.81,0.14,2011-01-21 08:00:00+00:00,London,1351.29,sl,-101.23999999999798,2011,1,2011-01-24
SHORT,1347.68,1353.88,1335.29,0.16,2011-01-24 08:30:00+00:00,London,1335.29,tp,197.2400000000016,2011,1,2011-01-24
SHORT,1335.38,1341.37,1323.4,0.17,2011-01-26 07:00:00+00:00,London,1341.37,sl,-102.82999999999629,2011,1,2011-01-26
SHORT,1337.48,1344.93,1322.58,0.13,2011-01-27 06:30:00+00:00,London,1322.58,tp,192.70000000000118,2011,1,2011-01-27
LONG,1349.7,1342.03,1365.05,0.13,2011-02-04 08:30:00+00:00,London,1365.05,tp,198.54999999999882,2011,2,2011-02-08
LONG,1363.53,1358.21,1374.17,0.19,2011-02-09 06:15:00+00:00,London,1358.21,sl,-102.07999999999879,2011,2,2011-02-09
LONG,1372.95,1367.65,1383.55,0.19,2011-02-15 08:00:00+00:00,London,1383.55,tp,200.3999999999983,2011,2,2011-02-17
LONG,1401.73,1395.96,1413.28,0.17,2011-02-23 06:30:00+00:00,London,1413.28,tp,195.34999999999926,2011,2,2011-02-23
LONG,1416.08,1409.06,1430.12,0.14,2011-02-24 08:45:00+00:00,London,1409.06,sl,-99.27999999999976,2011,2,2011-02-24
LONG,1425.33,1416.6,1442.8,0.11,2011-03-14 06:45:00+00:00,London,1416.6,sl,-97.0300000000002,2011,3,2011-03-14
LONG,1432.38,1426.76,1443.62,0.18,2011-03-23 06:15:00+00:00,London,1443.62,tp,201.31999999999607,2011,3,2011-03-24
LONG,1435.53,1429.13,1448.32,0.16,2011-03-25 07:00:00+00:00,London,1429.13,sl,-103.39999999999783,2011,3,2011-03-25
SHORT,1413.93,1420.11,1401.57,0.16,2011-03-29 07:45:00+00:00,London,1420.11,sl,-99.87999999999738,2011,3,2011-03-29
LONG,1431.45,1424.48,1445.4,0.14,2011-03-31 08:15:00+00:00,London,1424.48,sl,-98.58000000000038,2011,4,2011-04-01
LONG,1433.28,1427.39,1445.06,0.17,2011-04-04 06:15:00+00:00,London,1445.06,tp,199.25999999999956,2011,4,2011-04-05
LONG,1473.93,1466.58,1488.62,0.14,2011-04-15 06:00:00+00:00,London,1488.62,tp,204.6599999999976,2011,4,2011-04-18
LONG,1494.78,1488.08,1508.18,0.15,2011-04-19 07:00:00+00:00,London,1508.18,tp,200.00000000000136,2011,4,2011-04-20
LONG,1508.85,1503.93,1518.7,0.2,2011-04-22 08:15:00+00:00,London,1503.93,sl,-99.39999999999691,2011,4,2011-04-25
LONG,1530.88,1522.26,1548.12,0.12,2011-04-28 08:30:00+00:00,London,1548.12,tp,205.87999999999738,2011,4,2011-04-29
SHORT,1484.18,1495.7,1461.13,0.09,2011-05-12 08:00:00+00:00,London,1495.7,sl,-104.67999999999984,2011,5,2011-05-12
SHORT,1507.98,1519.74,1484.46,0.09,2011-05-13 08:45:00+00:00,London,1484.46,tp,210.67999999999984,2011,5,2011-05-13
SHORT,1493.15,1502.68,1474.08,0.1,2011-05-16 07:30:00+00:00,London,1502.68,sl,-96.29999999999973,2011,5,2011-05-16
LONG,1510.38,1502.37,1526.41,0.12,2011-05-23 06:00:00+00:00,London,1526.41,tp,191.35999999999967,2011,5,2011-05-24
LONG,1526.58,1520.74,1538.27,0.17,2011-05-27 06:15:00+00:00,London,1538.27,tp,197.73000000000093,2011,5,2011-05-30
LONG,1544.65,1537.58,1558.78,0.14,2011-06-06 08:15:00+00:00,London,1537.58,sl,-99.9800000000023,2011,6,2011-06-07
SHORT,1525.78,1531.72,1513.89,0.17,2011-06-13 06:30:00+00:00,London,1531.72,sl,-101.98000000000094,2011,6,2011-06-13
SHORT,1517.93,1525.18,1503.42,0.14,2011-06-14 08:00:00+00:00,London,1525.18,sl,-102.50000000000001,2011,6,2011-06-14
SHORT,1519.03,1525.45,1506.19,0.16,2011-06-15 06:45:00+00:00,London,1525.45,sl,-103.72000000000116,2011,6,2011-06-15
LONG,1537.58,1532.29,1548.16,0.19,2011-06-20 06:45:00+00:00,London,1548.16,tp,200.02000000000294,2011,6,2011-06-21
SHORT,1518.15,1527.22,1500.02,0.11,2011-06-24 08:30:00+00:00,London,1500.02,tp,198.4300000000012,2011,6,2011-06-24
SHORT,1487.38,1495.22,1471.7,0.13,2011-07-01 08:30:00+00:00,London,1495.22,sl,-102.91999999999895,2011,7,2011-07-04
LONG,1612.58,1605.92,1625.91,0.15,2011-07-26 08:15:00+00:00,London,1625.91,tp,198.95000000000232,2011,7,2011-07-27
LONG,1616.03,1607.88,1632.33,0.12,2011-07-29 08:15:00+00:00,London,1632.33,tp,194.59999999999945,2011,7,2011-07-29
LONG,1628.08,1619.19,1645.85,0.11,2011-08-02 07:15:00+00:00,London,1645.85,tp,194.4699999999998,2011,8,2011-08-02
LONG,1756.23,1730.14,1808.42,0.04,2011-08-10 06:15:00+00:00,London,1808.42,tp,207.76000000000025,2011,8,2011-08-10
LONG,1777.25,1762.8,1806.14,0.07,2011-08-16 06:30:00+00:00,London,1806.14,tp,201.2300000000007,2011,8,2011-08-18
LONG,1832.55,1816.03,1865.59,0.06,2011-08-31 06:15:00+00:00,London,1816.03,sl,-100.11999999999989,2011,8,2011-08-31
SHORT,1812.85,1835.24,1768.07,0.04,2011-09-13 06:45:00+00:00,London,1835.24,sl,-90.5600000000004,2011,9,2011-09-13
SHORT,1815.3,1833.95,1778.01,0.05,2011-09-19 08:45:00+00:00,London,1778.01,tp,185.44999999999982,2011,9,2011-09-19
SHORT,1605.9,1627.17,1563.35,0.05,2011-10-05 06:30:00+00:00,London,1627.17,sl,-107.34999999999992,2011,10,2011-10-05
SHORT,1649.16,1663.17,1621.13,0.07,2011-10-19 07:00:00+00:00,London,1621.13,tp,195.2099999999998,2011,10,2011-10-19
SHORT,1622.05,1637.31,1591.52,0.07,2011-10-20 07:00:00+00:00,London,1637.31,sl,-107.81999999999994,2011,10,2011-10-21
LONG,1739.0,1726.22,1764.57,0.08,2011-10-28 06:45:00+00:00,London,1726.22,sl,-103.23999999999978,2011,10,2011-10-31
LONG,1731.3,1716.89,1760.12,0.07,2011-11-02 06:00:00+00:00,London,1760.12,tp,200.73999999999958,2011,11,2011-11-03
LONG,1758.93,1746.41,1783.97,0.08,2011-11-04 08:30:00+00:00,London,1783.97,tp,199.3199999999997,2011,11,2011-11-07
SHORT,1692.05,1707.56,1661.04,0.06,2011-11-22 07:30:00+00:00,London,1707.56,sl,-94.05999999999995,2011,11,2011-11-22
SHORT,1689.47,1703.18,1662.04,0.07,2011-11-23 06:45:00+00:00,London,1703.18,sl,-96.97000000000027,2011,11,2011-11-28
LONG,1747.45,1735.7,1770.96,0.09,2011-12-01 07:15:00+00:00,London,1735.7,sl,-106.74999999999999,2011,12,2011-12-01
SHORT,1627.2,1649.62,1582.37,0.04,2011-12-14 08:15:00+00:00,London,1582.37,tp,178.32000000000062,2011,12,2011-12-14
SHORT,1608.12,1616.64,1591.08,0.12,2011-12-23 08:30:00+00:00,London,1591.08,tp,203.47999999999956,2011,12,2011-12-27
LONG,1623.11,1612.45,1644.43,0.09,2012-01-06 06:30:00+00:00,London,1612.45,sl,-96.93999999999868,2012,1,2012-01-06
LONG,1639.71,1629.83,1659.47,0.1,2012-01-11 07:45:00+00:00,London,1659.47,tp,196.5999999999999,2012,1,2012-01-12
LONG,1663.32,1655.12,1679.72,0.12,2012-01-17 08:15:00+00:00,London,1655.12,sl,-99.40000000000055,2012,1,2012-01-17
LONG,1746.6,1737.13,1765.53,0.11,2012-02-08 06:45:00+00:00,London,1737.13,sl,-105.16999999999781,2012,2,2012-02-08
LONG,1736.78,1725.47,1759.4,0.09,2012-02-09 08:00:00+00:00,London,1725.47,sl,-102.78999999999951,2012,2,2012-02-10
SHORT,1654.55,1663.12,1637.41,0.12,2012-03-19 07:45:00+00:00,London,1663.12,sl,-103.83999999999924,2012,3,2012-03-19
SHORT,1649.04,1657.26,1632.6,0.12,2012-03-20 07:30:00+00:00,London,1657.26,sl,-99.64000000000033,2012,3,2012-03-20
SHORT,1635.97,1645.55,1616.82,0.1,2012-03-22 08:45:00+00:00,London,1645.55,sl,-96.79999999999927,2012,3,2012-03-22
SHORT,1665.0,1671.85,1651.3,0.15,2012-04-02 06:30:00+00:00,London,1671.85,sl,-103.74999999999864,2012,4,2012-04-02
SHORT,1623.01,1632.92,1603.18,0.1,2012-04-05 08:45:00+00:00,London,1632.92,sl,-100.10000000000082,2012,4,2012-04-05
SHORT,1641.45,1649.34,1625.67,0.13,2012-04-19 06:00:00+00:00,London,1649.34,sl,-103.56999999999834,2012,4,2012-04-19
SHORT,1640.45,1646.25,1628.85,0.17,2012-04-25 08:30:00+00:00,London,1628.85,tp,196.20000000000232,2012,4,2012-04-25
LONG,1663.47,1658.79,1672.83,0.21,2012-04-30 06:45:00+00:00,London,1658.79,sl,-99.28000000000134,2012,4,2012-04-30
SHORT,1550.94,1560.69,1531.45,0.1,2012-06-01 07:30:00+00:00,London,1560.69,sl,-98.50000000000001,2012,6,2012-06-01
LONG,1612.28,1602.27,1632.3,0.1,2012-06-13 07:45:00+00:00,London,1632.3,tp,199.19999999999985,2012,6,2012-06-15
SHORT,1598.67,1608.19,1579.62,0.1,2012-06-21 06:30:00+00:00,London,1579.62,tp,189.50000000000182,2012,6,2012-06-21
SHORT,1567.43,1573.76,1554.77,0.16,2012-06-27 06:15:00+00:00,London,1573.76,sl,-102.27999999999884,2012,6,2012-06-27
SHORT,1568.25,1577.25,1550.25,0.11,2012-06-28 08:00:00+00:00,London,1550.25,tp,197.0,2012,6,2012-06-28
LONG,1595.14,1588.22,1608.97,0.14,2012-07-17 06:15:00+00:00,London,1588.22,sl,-97.88000000000103,2012,7,2012-07-17
SHORT,1577.47,1585.56,1561.29,0.12,2012-07-18 07:45:00+00:00,London,1585.56,sl,-98.07999999999902,2012,7,2012-07-19
SHORT,1571.83,1578.43,1558.64,0.15,2012-07-23 06:15:00+00:00,London,1578.43,sl,-100.00000000000205,2012,7,2012-07-23
SHORT,1573.43,1579.4,1561.49,0.17,2012-07-24 07:30:00+00:00,London,1579.4,sl,-102.49000000000048,2012,7,2012-07-24
LONG,1608.34,1601.97,1621.08,0.16,2012-08-06 07:30:00+00:00,London,1621.08,tp,202.84000000000015,2012,8,2012-08-10
LONG,1624.03,1618.73,1634.64,0.19,2012-08-13 07:00:00+00:00,London,1618.73,sl,-101.69999999999915,2012,8,2012-08-13
LONG,1617.15,1611.65,1628.14,0.18,2012-08-17 06:45:00+00:00,London,1611.65,sl,-100.0,2012,8,2012-08-17
LONG,1625.72,1621.13,1634.89,0.22,2012-08-21 07:45:00+00:00,London,1634.89,tp,200.74000000000157,2012,8,2012-08-21
LONG,1688.6,1681.37,1703.06,0.14,2012-09-03 08:00:00+00:00,London,1703.06,tp,201.44000000000054,2012,9,2012-09-06
LONG,1695.85,1683.72,1720.1,0.08,2012-09-07 08:15:00+00:00,London,1720.1,tp,193.0,2012,9,2012-09-07
LONG,1773.97,1765.49,1790.94,0.12,2012-09-19 07:00:00+00:00,London,1765.49,sl,-102.7600000000002,2012,9,2012-09-19
LONG,1779.93,1773.16,1793.47,0.15,2012-09-28 07:30:00+00:00,London,1773.16,sl,-102.54999999999971,2012,9,2012-09-28
LONG,1773.02,1764.19,1790.69,0.11,2012-10-01 08:15:00+00:00,London,1790.69,tp,193.3700000000008,2012,10,2012-10-01
LONG,1782.26,1774.6,1797.59,0.13,2012-10-02 08:00:00+00:00,London,1774.6,sl,-100.58000000000106,2012,10,2012-10-02
LONG,1777.64,1771.6,1789.72,0.17,2012-10-03 07:15:00+00:00,London,1789.72,tp,204.3599999999988,2012,10,2012-10-04
SHORT,1762.24,1768.61,1749.5,0.16,2012-10-10 06:45:00+00:00,London,1768.61,sl,-102.91999999999825,2012,10,2012-10-11
SHORT,1742.06,1750.04,1726.11,0.13,2012-10-15 08:15:00+00:00,London,1750.04,sl,-104.74000000000024,2012,10,2012-10-16
SHORT,1747.09,1752.82,1735.63,0.17,2012-10-18 06:15:00+00:00,London,1735.63,tp,193.81999999999678,2012,10,2012-10-18
SHORT,1733.46,1741.34,1717.71,0.13,2012-10-19 08:00:00+00:00,London,1717.71,tp,203.75,2012,10,2012-10-19
SHORT,1708.73,1715.09,1696.0,0.16,2012-10-24 06:00:00+00:00,London,1715.09,sl,-102.75999999999841,2012,10,2012-10-25
SHORT,1707.56,1713.02,1696.63,0.18,2012-11-02 07:00:00+00:00,London,1696.63,tp,195.73999999999705,2012,11,2012-11-02
LONG,1716.56,1707.03,1735.62,0.1,2012-11-08 06:45:00+00:00,London,1735.62,tp,189.59999999999945,2012,11,2012-11-09
LONG,1733.66,1728.34,1744.3,0.19,2012-11-20 08:00:00+00:00,London,1728.34,sl,-102.0800000000031,2012,11,2012-11-20
SHORT,1716.57,1723.03,1703.65,0.15,2012-12-03 08:00:00+00:00,London,1703.65,tp,192.79999999999765,2012,12,2012-12-04
SHORT,1696.97,1703.28,1684.35,0.16,2012-12-07 07:15:00+00:00,London,1684.35,tp,200.92000000000186,2012,12,2012-12-07
SHORT,1693.49,1700.76,1678.95,0.14,2012-12-13 07:30:00+00:00,London,1700.76,sl,-102.77999999999976,2012,12,2012-12-13
SHORT,1697.07,1703.38,1684.46,0.16,2012-12-14 06:30:00+00:00,London,1684.46,tp,200.7599999999984,2012,12,2012-12-18
SHORT,1671.13,1679.47,1654.45,0.12,2012-12-19 08:00:00+00:00,London,1654.45,tp,199.16000000000074,2012,12,2012-12-20
SHORT,1654.04,1663.33,1635.47,0.11,2013-01-07 06:15:00+00:00,London,1663.33,sl,-103.1899999999996,2013,1,2013-01-09
LONG,1679.98,1672.53,1694.89,0.13,2013-01-15 08:00:00+00:00,London,1672.53,sl,-97.85000000000059,2013,1,2013-01-17
LONG,1676.66,1671.65,1686.67,0.2,2013-02-07 07:15:00+00:00,London,1671.65,sl,-101.19999999999982,2013,2,2013-02-07
SHORT,1645.57,1652.15,1632.41,0.15,2013-02-14 08:15:00+00:00,London,1632.41,tp,196.3999999999978,2013,2,2013-02-14
SHORT,1611.47,1616.78,1600.85,0.19,2013-02-19 07:00:00+00:00,London,1600.85,tp,200.78000000000225,2013,2,2013-02-19
SHORT,1590.47,1599.9,1571.6,0.11,2013-02-28 08:00:00+00:00,London,1571.6,tp,206.57000000000133,2013,3,2013-03-01
SHORT,1577.55,1585.39,1561.86,0.13,2013-03-04 08:30:00+00:00,London,1585.39,sl,-102.92000000000189,2013,3,2013-03-05
LONG,1594.96,1590.25,1604.38,0.21,2013-03-13 06:45:00+00:00,London,1590.25,sl,-99.91000000000076,2013,3,2013-03-13
LONG,1602.87,1595.29,1618.03,0.13,2013-03-18 07:15:00+00:00,London,1595.29,sl,-99.53999999999907,2013,3,2013-03-25
SHORT,1557.8,1565.15,1543.09,0.14,2013-04-11 06:00:00+00:00,London,1565.15,sl,-103.90000000000192,2013,4,2013-04-11
LONG,1480.83,1470.9,1500.7,0.1,2013-05-03 07:30:00+00:00,London,1470.9,sl,-100.29999999999836,2013,5,2013-05-03
SHORT,1379.05,1390.87,1355.41,0.08,2013-05-17 06:45:00+00:00,London,1355.41,tp,188.11999999999898,2013,5,2013-05-17
SHORT,1381.1,1390.42,1362.46,0.11,2013-06-10 08:45:00+00:00,London,1390.42,sl,-103.52000000000182,2013,6,2013-06-12
SHORT,1379.78,1387.02,1365.31,0.14,2013-06-14 07:45:00+00:00,London,1387.02,sl,-102.36000000000014,2013,6,2013-06-14
SHORT,1231.32,1244.7,1204.57,0.07,2013-06-27 08:45:00+00:00,London,1204.57,tp,186.25000000000003,2013,6,2013-06-27
SHORT,1238.59,1249.8,1216.17,0.09,2013-07-05 08:00:00+00:00,London,1216.17,tp,200.7799999999986,2013,7,2013-07-05
LONG,1284.36,1271.31,1310.47,0.08,2013-07-11 08:15:00+00:00,London,1271.31,sl,-105.39999999999965,2013,7,2013-07-12
LONG,1291.27,1283.75,1306.31,0.13,2013-07-19 08:30:00+00:00,London,1306.31,tp,194.51999999999953,2013,7,2013-07-22
SHORT,1292.83,1302.47,1273.56,0.1,2013-08-06 06:15:00+00:00,London,1273.56,tp,191.69999999999982,2013,8,2013-08-06
LONG,1324.66,1315.83,1342.32,0.11,2013-08-14 08:00:00+00:00,London,1342.32,tp,193.2599999999984,2013,8,2013-08-14
LONG,1363.11,1352.04,1385.26,0.09,2013-08-16 06:45:00+00:00,London,1385.26,tp,198.35000000000082,2013,8,2013-08-23
LONG,1395.55,1386.89,1412.88,0.12,2013-08-26 08:15:00+00:00,London,1412.88,tp,206.96000000000183,2013,8,2013-08-27
SHORT,1317.82,1328.95,1295.56,0.09,2013-09-17 08:15:00+00:00,London,1295.56,tp,199.33999999999992,2013,9,2013-09-17
SHORT,1321.57,1333.65,1297.42,0.08,2013-09-23 07:00:00+00:00,London,1333.65,sl,-97.64000000000124,2013,9,2013-09-25
SHORT,1297.84,1307.34,1278.83,0.11,2013-10-10 08:45:00+00:00,London,1278.83,tp,208.1099999999999,2013,10,2013-10-11
LONG,1319.96,1309.61,1340.65,0.1,2013-10-18 08:15:00+00:00,London,1340.65,tp,205.90000000000057,2013,10,2013-10-22
LONG,1333.74,1326.5,1348.22,0.14,2013-10-23 08:15:00+00:00,London,1348.22,tp,201.72000000000028,2013,10,2013-10-24
LONG,1341.17,1333.89,1355.73,0.14,2013-10-25 08:15:00+00:00,London,1355.73,tp,202.83999999999926,2013,10,2013-10-28
SHORT,1273.69,1279.53,1262.01,0.17,2013-11-19 08:30:00+00:00,London,1262.01,tp,197.56000000000108,2013,11,2013-11-20
SHORT,1237.84,1243.25,1227.01,0.18,2013-12-02 07:15:00+00:00,London,1227.01,tp,193.9399999999987,2013,12,2013-12-02
SHORT,1221.47,1228.37,1207.68,0.15,2013-12-03 08:15:00+00:00,London,1228.37,sl,-104.49999999999795,2013,12,2013-12-04
LONG,1256.55,1249.71,1270.24,0.15,2013-12-11 06:15:00+00:00,London,1249.71,sl,-103.59999999999876,2013,12,2013-12-12
SHORT,1206.04,1217.09,1183.94,0.09,2013-12-19 07:00:00+00:00,London,1217.09,sl,-100.44999999999958,2013,12,2013-12-27
LONG,1238.82,1231.57,1253.32,0.14,2014-01-06 06:45:00+00:00,London,1231.57,sl,-102.50000000000001,2014,1,2014-01-07
LONG,1233.73,1228.1,1244.99,0.18,2014-01-10 06:45:00+00:00,London,1244.99,tp,201.67999999999984,2014,1,2014-01-10
LONG,1247.11,1241.39,1258.54,0.17,2014-01-13 07:30:00+00:00,London,1241.39,sl,-98.23999999999661,2014,1,2014-01-14
LONG,1254.97,1250.2,1264.51,0.21,2014-01-20 07:30:00+00:00,London,1250.2,sl,-101.1699999999996,2014,1,2014-01-21
LONG,1261.37,1253.94,1276.23,0.13,2014-02-05 08:00:00+00:00,London,1253.94,sl,-97.58999999999787,2014,2,2014-02-05
LONG,1261.02,1255.71,1271.65,0.19,2014-02-07 06:00:00+00:00,London,1271.65,tp,200.97000000000207,2014,2,2014-02-07
LONG,1273.38,1267.85,1284.44,0.18,2014-02-10 07:00:00+00:00,London,1284.44,tp,198.07999999999902,2014,2,2014-02-10
LONG,1292.18,1286.56,1303.42,0.18,2014-02-13 07:45:00+00:00,London,1303.42,tp,201.32000000000014,2014,2,2014-02-13
LONG,1316.55,1310.06,1329.54,0.15,2014-02-18 08:00:00+00:00,London,1310.06,sl,-98.35000000000014,2014,2,2014-02-19
LONG,1320.99,1314.75,1333.48,0.16,2014-02-21 06:15:00+00:00,London,1333.48,tp,198.84000000000015,2014,2,2014-02-24
LONG,1348.86,1343.41,1359.77,0.18,2014-03-07 06:15:00+00:00,London,1343.41,sl,-99.09999999999673,2014,3,2014-03-07
LONG,1357.66,1350.15,1372.69,0.13,2014-03-12 06:45:00+00:00,London,1372.69,tp,194.38999999999965,2014,3,2014-03-12
LONG,1370.4,1364.34,1382.51,0.17,2014-03-14 06:15:00+00:00,London,1382.51,tp,204.8699999999983,2014,3,2014-03-14
SHORT,1312.6,1319.09,1299.63,0.15,2014-03-25 07:30:00+00:00,London,1299.63,tp,193.54999999999697,2014,3,2014-03-26
SHORT,1284.71,1290.61,1272.91,0.17,2014-04-01 08:15:00+00:00,London,1290.61,sl,-101.29999999999768,2014,4,2014-04-02
LONG,1322.17,1316.05,1334.42,0.16,2014-04-11 08:15:00+00:00,London,1316.05,sl,-98.92000000000189,2014,4,2014-04-11
LONG,1323.77,1317.36,1336.59,0.16,2014-04-14 08:45:00+00:00,London,1317.36,sl,-103.56000000000131,2014,4,2014-04-15
SHORT,1287.5,1294.74,1273.02,0.14,2014-04-21 06:30:00+00:00,London,1273.02,tp,201.72000000000028,2014,4,2014-04-24
SHORT,1289.8,1295.08,1279.24,0.19,2014-04-29 06:45:00+00:00,London,1295.08,sl,-101.31999999999948,2014,4,2014-04-29
SHORT,1283.67,1289.8,1271.4,0.16,2014-05-01 07:00:00+00:00,London,1289.8,sl,-99.07999999999811,2014,5,2014-05-02
SHORT,1292.54,1297.92,1281.78,0.19,2014-05-13 06:00:00+00:00,London,1297.92,sl,-103.22000000000206,2014,5,2014-05-13
SHORT,1291.27,1295.91,1281.98,0.22,2014-05-20 07:00:00+00:00,London,1295.91,sl,-103.08000000000219,2014,5,2014-05-20
SHORT,1288.99,1293.96,1279.05,0.2,2014-05-21 08:45:00+00:00,London,1293.96,sl,-100.40000000000056,2014,5,2014-05-22
SHORT,1291.1,1295.24,1282.83,0.24,2014-05-23 07:30:00+00:00,London,1282.83,tp,197.47999999999954,2014,5,2014-05-27
SHORT,1252.03,1257.52,1241.04,0.18,2014-05-30 08:00:00+00:00,London,1241.04,tp,196.82000000000016,2014,6,2014-06-03
LONG,1273.46,1269.25,1281.88,0.24,2014-06-13 06:15:00+00:00,London,1281.88,tp,201.08000000000172,2014,6,2014-06-16
LONG,1281.4,1276.87,1290.46,0.22,2014-06-19 07:00:00+00:00,London,1290.46,tp,198.3199999999988,2014,6,2014-06-19
LONG,1326.27,1320.97,1336.86,0.19,2014-07-01 07:00:00+00:00,London,1320.97,sl,-101.69999999999915,2014,7,2014-07-03
LONG,1323.69,1318.96,1333.15,0.21,2014-07-09 06:00:00+00:00,London,1333.15,tp,197.66000000000074,2014,7,2014-07-10
LONG,1336.89,1331.83,1347.02,0.2,2014-07-11 07:15:00+00:00,London,1331.83,sl,-102.20000000000347,2014,7,2014-07-14
SHORT,1310.01,1317.81,1294.41,0.13,2014-07-15 08:00:00+00:00,London,1294.41,tp,201.79999999999882,2014,7,2014-07-15
SHORT,1297.2,1303.18,1285.24,0.17,2014-07-24 08:30:00+00:00,London,1303.18,sl,-102.66000000000031,2014,7,2014-07-25
SHORT,1298.2,1302.39,1289.82,0.24,2014-07-30 06:30:00+00:00,London,1302.39,sl,-101.56000000000131,2014,7,2014-07-30
SHORT,1294.47,1298.68,1286.04,0.24,2014-07-31 06:15:00+00:00,London,1286.04,tp,201.32000000000153,2014,7,2014-07-31
LONG,1306.25,1300.16,1318.42,0.16,2014-08-07 08:30:00+00:00,London,1318.42,tp,193.72000000000116,2014,8,2014-08-08
LONG,1315.53,1309.73,1327.12,0.17,2014-08-14 08:30:00+00:00,London,1309.73,sl,-99.59999999999923,2014,8,2014-08-15
SHORT,1300.09,1304.3,1291.67,0.24,2014-08-19 08:15:00+00:00,London,1291.67,tp,201.07999999999626,2014,8,2014-08-20
SHORT,1267.22,1272.48,1256.7,0.19,2014-09-04 08:00:00+00:00,London,1272.48,sl,-100.93999999999983,2014,9,2014-09-04
SHORT,1265.71,1271.62,1253.89,0.17,2014-09-08 08:15:00+00:00,London,1253.89,tp,199.93999999999892,2014,9,2014-09-08
SHORT,1255.61,1260.83,1245.17,0.19,2014-09-09 08:15:00+00:00,London,1245.17,tp,197.35999999999672,2014,9,2014-09-10
SHORT,1242.35,1248.64,1229.76,0.16,2014-09-11 08:00:00+00:00,London,1229.76,tp,200.4399999999987,2014,9,2014-09-12
SHORT,1223.39,1229.23,1211.72,0.17,2014-09-18 07:15:00+00:00,London,1211.72,tp,197.39000000000124,2014,9,2014-09-22
SHORT,1206.48,1212.24,1194.95,0.17,2014-10-03 07:45:00+00:00,London,1194.95,tp,195.00999999999956,2014,10,2014-10-03
LONG,1228.34,1222.09,1240.84,0.16,2014-10-13 08:45:00+00:00,London,1222.09,sl,-101.0,2014,10,2014-10-15
LONG,1239.31,1233.84,1250.24,0.18,2014-10-17 07:45:00+00:00,London,1233.84,sl,-99.46000000000049,2014,10,2014-10-17
LONG,1241.36,1235.87,1252.33,0.18,2014-10-20 06:00:00+00:00,London,1252.33,tp,196.4600000000005,2014,10,2014-10-21
LONG,1249.46,1244.4,1259.58,0.2,2014-10-21 07:30:00+00:00,London,1244.4,sl,-102.19999999999891,2014,10,2014-10-22
SHORT,1227.86,1232.02,1219.55,0.24,2014-10-28 07:00:00+00:00,London,1232.02,sl,-100.84000000000196,2014,10,2014-10-28
SHORT,1144.83,1151.88,1130.74,0.14,2014-11-06 06:45:00+00:00,London,1151.88,sl,-99.70000000000255,2014,11,2014-11-07
SHORT,1152.96,1160.11,1138.67,0.14,2014-11-14 06:00:00+00:00,London,1160.11,sl,-101.0999999999981,2014,11,2014-11-14
LONG,1189.32,1180.13,1207.69,0.11,2014-11-17 07:00:00+00:00,London,1180.13,sl,-102.0899999999981,2014,11,2014-11-19
LONG,1203.32,1193.98,1221.99,0.11,2014-12-03 07:30:00+00:00,London,1193.98,sl,-103.7399999999991,2014,12,2014-12-05
LONG,1206.35,1199.02,1221.01,0.14,2014-12-09 07:00:00+00:00,London,1221.01,tp,204.24000000000115,2014,12,2014-12-09
LONG,1229.32,1221.07,1245.83,0.12,2014-12-10 07:30:00+00:00,London,1221.07,sl,-100.0,2014,12,2014-12-11
SHORT,1196.34,1203.49,1182.04,0.14,2014-12-22 08:45:00+00:00,London,1182.04,tp,199.1999999999994,2014,12,2014-12-22
SHORT,1178.41,1185.45,1164.33,0.14,2014-12-23 08:00:00+00:00,London,1185.45,sl,-99.5599999999995,2014,12,2014-12-25
SHORT,1187.14,1192.93,1175.56,0.17,2014-12-30 06:30:00+00:00,London,1192.93,sl,-99.42999999999938,2014,12,2014-12-30
LONG,1199.42,1192.87,1212.52,0.15,2014-12-31 07:00:00+00:00,London,1192.87,sl,-99.25000000000273,2014,12,2014-12-31
LONG,1211.04,1202.92,1227.29,0.12,2015-01-06 06:30:00+00:00,London,1227.29,tp,194.0,2015,1,2015-01-12
LONG,1222.16,1215.06,1236.37,0.14,2015-01-12 08:00:00+00:00,London,1236.37,tp,197.93999999999735,2015,1,2015-01-12
LONG,1241.08,1233.0,1257.25,0.12,2015-01-13 08:00:00+00:00,London,1233.0,sl,-97.95999999999913,2015,1,2015-01-13
LONG,1258.72,1249.67,1276.82,0.11,2015-01-16 06:30:00+00:00,London,1276.82,tp,198.099999999999,2015,1,2015-01-16
SHORT,1261.36,1272.1,1239.87,0.09,2015-02-06 08:00:00+00:00,London,1239.87,tp,192.41000000000008,2015,2,2015-02-06
SHORT,1239.56,1247.08,1224.53,0.13,2015-02-09 08:15:00+00:00,London,1224.53,tp,194.38999999999965,2015,2,2015-02-11
SHORT,1223.77,1230.79,1209.73,0.14,2015-02-12 06:45:00+00:00,London,1230.79,sl,-99.27999999999976,2015,2,2015-02-13
SHORT,1221.33,1226.75,1210.5,0.18,2015-02-17 07:00:00+00:00,London,1210.5,tp,193.9399999999987,2015,2,2015-02-17
SHORT,1205.71,1212.69,1191.76,0.14,2015-02-18 08:00:00+00:00,London,1212.69,sl,-98.72000000000027,2015,2,2015-02-18
SHORT,1216.86,1224.57,1201.43,0.13,2015-02-19 08:15:00+00:00,London,1201.43,tp,199.58999999999787,2015,2,2015-02-20
SHORT,1197.66,1205.04,1182.9,0.14,2015-02-24 08:30:00+00:00,London,1205.04,sl,-104.31999999999834,2015,2,2015-02-24
SHORT,1207.47,1214.96,1192.49,0.13,2015-03-03 08:00:00+00:00,London,1192.49,tp,193.74000000000024,2015,3,2015-03-06
SHORT,1155.8,1162.15,1143.1,0.16,2015-03-13 07:00:00+00:00,London,1162.15,sl,-102.60000000000218,2015,3,2015-03-16
SHORT,1154.68,1159.54,1144.97,0.21,2015-03-17 06:15:00+00:00,London,1144.97,tp,202.91000000000074,2015,3,2015-03-17
LONG,1182.82,1176.97,1194.53,0.17,2015-03-23 07:30:00+00:00,London,1194.53,tp,198.07000000000065,2015,3,2015-03-24
LONG,1204.89,1198.62,1217.42,0.16,2015-04-02 08:15:00+00:00,London,1198.62,sl,-101.32000000000335,2015,4,2015-04-02
SHORT,1191.24,1196.61,1180.5,0.19,2015-04-15 06:30:00+00:00,London,1196.61,sl,-103.02999999999793,2015,4,2015-04-15
LONG,1207.16,1201.26,1218.95,0.17,2015-04-16 07:45:00+00:00,London,1201.26,sl,-101.30000000000155,2015,4,2015-04-16
SHORT,1188.46,1194.16,1177.07,0.18,2015-04-23 08:15:00+00:00,London,1194.16,sl,-103.60000000000082,2015,4,2015-04-23
SHORT,1183.18,1188.57,1172.41,0.19,2015-05-07 07:15:00+00:00,London,1188.57,sl,-103.40999999999758,2015,5,2015-05-08
LONG,1194.54,1189.64,1204.33,0.2,2015-05-13 06:00:00+00:00,London,1204.33,tp,194.79999999999927,2015,5,2015-05-13
LONG,1216.48,1209.85,1229.74,0.15,2015-05-15 08:15:00+00:00,London,1229.74,tp,197.89999999999986,2015,5,2015-05-18
SHORT,1188.29,1191.92,1181.03,0.28,2015-05-29 07:15:00+00:00,London,1191.92,sl,-102.64000000000306,2015,5,2015-05-29
SHORT,1182.97,1188.12,1172.67,0.19,2015-06-04 06:15:00+00:00,London,1172.67,tp,194.69999999999914,2015,6,2015-06-05
SHORT,1173.35,1177.83,1164.39,0.22,2015-06-08 06:45:00+00:00,London,1177.83,sl,-99.5600000000004,2015,6,2015-06-09
SHORT,1179.0,1182.76,1171.47,0.27,2015-06-17 07:30:00+00:00,London,1182.76,sl,-102.51999999999977,2015,6,2015-06-17
SHORT,1177.51,1181.78,1168.98,0.23,2015-06-24 07:00:00+00:00,London,1168.98,tp,195.18999999999937,2015,6,2015-06-26
SHORT,1172.27,1176.81,1163.19,0.22,2015-07-01 07:15:00+00:00,London,1163.19,tp,198.7599999999984,2015,7,2015-07-02
SHORT,1164.78,1169.24,1155.86,0.22,2015-07-06 07:45:00+00:00,London,1169.24,sl,-99.1200000000008,2015,7,2015-07-06
SHORT,1153.62,1157.67,1145.51,0.25,2015-07-14 06:00:00+00:00,London,1157.67,sl,-102.25000000000455,2015,7,2015-07-14
SHORT,1154.34,1158.66,1145.69,0.23,2015-07-15 08:15:00+00:00,London,1145.69,tp,197.94999999999686,2015,7,2015-07-15
SHORT,1105.27,1113.51,1088.78,0.12,2015-07-21 08:00:00+00:00,London,1088.78,tp,196.8800000000001,2015,7,2015-07-22
SHORT,1080.51,1085.88,1069.77,0.19,2015-07-31 06:30:00+00:00,London,1085.88,sl,-103.03000000000225,2015,7,2015-07-31
LONG,1117.69,1110.27,1132.53,0.13,2015-08-12 06:00:00+00:00,London,1110.27,sl,-97.46000000000095,2015,8,2015-08-18
LONG,1122.07,1117.33,1131.55,0.21,2015-08-19 08:00:00+00:00,London,1131.55,tp,198.08000000000038,2015,8,2015-08-19
LONG,1158.55,1151.62,1172.4,0.14,2015-08-24 07:30:00+00:00,London,1151.62,sl,-98.0200000000009,2015,8,2015-08-24
SHORT,1120.93,1125.51,1111.78,0.22,2015-09-07 08:00:00+00:00,London,1125.51,sl,-101.7599999999984,2015,9,2015-09-08
SHORT,1104.61,1108.46,1096.92,0.26,2015-09-15 06:45:00+00:00,London,1108.46,sl,-101.10000000000355,2015,9,2015-09-15
LONG,1135.19,1130.99,1143.6,0.24,2015-09-24 06:30:00+00:00,London,1143.6,tp,200.8399999999965,2015,9,2015-09-24
LONG,1133.78,1127.55,1146.24,0.16,2015-10-05 08:00:00+00:00,London,1146.24,tp,198.36000000000058,2015,10,2015-10-06
LONG,1154.37,1148.02,1167.07,0.16,2015-10-09 07:30:00+00:00,London,1167.07,tp,202.20000000000073,2015,10,2015-10-12
LONG,1172.3,1164.69,1187.52,0.13,2015-10-14 08:30:00+00:00,London,1187.52,tp,196.86000000000035,2015,10,2015-10-14
LONG,1173.02,1168.14,1182.77,0.21,2015-10-28 08:00:00+00:00,London,1182.77,tp,203.75,2015,10,2015-10-28
SHORT,1148.2,1153.41,1137.77,0.19,2015-10-30 06:45:00+00:00,London,1137.77,tp,197.1700000000012,2015,11,2015-11-02
SHORT,1137.76,1142.82,1127.64,0.2,2015-11-02 08:00:00+00:00,London,1127.64,tp,201.39999999999782,2015,11,2015-11-03
SHORT,1088.8,1093.09,1080.22,0.23,2015-11-11 08:00:00+00:00,London,1080.22,tp,196.33999999999833,2015,11,2015-11-12
SHORT,1082.92,1087.85,1073.06,0.2,2015-11-13 07:45:00+00:00,London,1087.85,sl,-99.59999999999674,2015,11,2015-11-13
SHORT,1079.65,1084.54,1069.86,0.2,2015-11-17 06:15:00+00:00,London,1069.86,tp,194.80000000000385,2015,11,2015-11-17
SHORT,1069.1,1074.64,1058.02,0.18,2015-11-18 07:45:00+00:00,London,1074.64,sl,-100.72000000000344,2015,11,2015-11-18
SHORT,1068.26,1074.09,1056.61,0.17,2015-11-23 08:15:00+00:00,London,1074.09,sl,-100.10999999999876,2015,11,2015-11-23
SHORT,1050.47,1056.04,1039.33,0.18,2015-12-03 06:00:00+00:00,London,1056.04,sl,-101.25999999999885,2015,12,2015-12-03
SHORT,1065.71,1073.82,1049.49,0.12,2015-12-17 08:00:00+00:00,London,1049.49,tp,193.64000000000033,2015,12,2015-12-17
LONG,1080.42,1075.43,1090.4,0.2,2015-12-22 08:00:00+00:00,London,1075.43,sl,-100.80000000000018,2015,12,2015-12-22
SHORT,1065.71,1070.3,1056.53,0.22,2015-12-30 08:15:00+00:00,London,1070.3,sl,-101.9799999999982,2016,1,2016-01-04
LONG,1090.61,1085.5,1100.83,0.2,2016-01-18 07:15:00+00:00,London,1085.5,sl,-103.199999999998,2016,1,2016-01-18
LONG,1118.11,1113.48,1127.37,0.22,2016-01-27 06:30:00+00:00,London,1127.37,tp,202.7199999999998,2016,1,2016-01-27
LONG,1119.93,1114.88,1130.04,0.2,2016-01-28 07:30:00+00:00,London,1114.88,sl,-101.99999999999909,2016,1,2016-01-28
LONG,1122.65,1118.38,1131.19,0.23,2016-02-01 07:00:00+00:00,London,1131.19,tp,195.41999999999916,2016,2,2016-02-03
LONG,1240.15,1227.76,1264.93,0.08,2016-02-12 08:00:00+00:00,London,1227.76,sl,-100.1200000000008,2016,2,2016-02-15
LONG,1223.86,1213.68,1244.21,0.1,2016-02-19 06:00:00+00:00,London,1213.68,sl,-102.79999999999836,2016,2,2016-02-22
LONG,1238.57,1228.63,1258.46,0.1,2016-02-24 08:15:00+00:00,London,1228.63,sl,-100.39999999999827,2016,2,2016-02-24
LONG,1235.86,1225.53,1256.52,0.1,2016-02-25 07:45:00+00:00,London,1225.53,sl,-104.29999999999929,2016,2,2016-02-26
LONG,1271.67,1261.41,1292.19,0.1,2016-03-07 07:30:00+00:00,London,1261.41,sl,-103.59999999999991,2016,3,2016-03-07
LONG,1274.76,1265.83,1292.62,0.11,2016-03-08 06:15:00+00:00,London,1265.83,sl,-99.2300000000007,2016,3,2016-03-08
LONG,1267.42,1257.15,1287.96,0.1,2016-03-11 07:00:00+00:00,London,1257.15,sl,-103.69999999999982,2016,3,2016-03-11
SHORT,1230.89,1239.67,1213.34,0.11,2016-03-15 08:00:00+00:00,London,1239.67,sl,-97.5799999999997,2016,3,2016-03-16
SHORT,1232.55,1240.13,1217.39,0.13,2016-03-23 07:00:00+00:00,London,1217.39,tp,196.07999999999814,2016,3,2016-03-23
SHORT,1226.47,1234.95,1209.5,0.12,2016-04-01 08:30:00+00:00,London,1209.5,tp,202.6400000000003,2016,4,2016-04-01
LONG,1235.41,1228.5,1249.22,0.14,2016-04-08 08:15:00+00:00,London,1249.22,tp,192.33999999999924,2016,4,2016-04-11
LONG,1249.24,1242.55,1262.62,0.15,2016-04-20 07:00:00+00:00,London,1242.55,sl,-101.3500000000008,2016,4,2016-04-20
LONG,1258.87,1251.19,1274.23,0.13,2016-04-21 07:15:00+00:00,London,1251.19,sl,-100.83999999999787,2016,4,2016-04-21
LONG,1246.3,1241.26,1256.38,0.2,2016-04-27 07:00:00+00:00,London,1241.26,sl,-101.79999999999927,2016,4,2016-04-27
LONG,1256.45,1248.94,1271.47,0.13,2016-04-28 08:00:00+00:00,London,1271.47,tp,194.25999999999976,2016,4,2016-04-28
SHORT,1264.12,1270.68,1251.0,0.15,2016-05-10 08:15:00+00:00,London,1270.68,sl,-99.40000000000259,2016,5,2016-05-10
SHORT,1250.8,1255.88,1240.65,0.2,2016-05-23 06:00:00+00:00,London,1240.65,tp,201.99999999999727,2016,5,2016-05-24
SHORT,1218.95,1225.11,1206.63,0.16,2016-05-27 07:30:00+00:00,London,1206.63,tp,196.11999999999898,2016,5,2016-05-30
SHORT,1211.64,1215.9,1203.11,0.23,2016-06-03 06:15:00+00:00,London,1215.9,sl,-98.9799999999998,2016,6,2016-06-03
LONG,1268.41,1262.51,1280.22,0.17,2016-06-10 08:00:00+00:00,London,1280.22,tp,199.7699999999991,2016,6,2016-06-13
LONG,1279.85,1274.03,1291.49,0.17,2016-06-14 06:00:00+00:00,London,1291.49,tp,196.88000000000173,2016,6,2016-06-15
SHORT,1261.06,1269.43,1244.32,0.12,2016-06-23 08:15:00+00:00,London,1269.43,sl,-101.44000000000142,2016,6,2016-06-23
LONG,1320.46,1297.8,1365.78,0.04,2016-06-24 07:30:00+00:00,London,1365.78,tp,180.27999999999975,2016,7,2016-07-05
SHORT,1326.61,1334.56,1310.72,0.13,2016-07-18 06:00:00+00:00,London,1334.56,sl,-104.35000000000059,2016,7,2016-07-18
SHORT,1316.78,1322.57,1305.2,0.17,2016-07-25 07:30:00+00:00,London,1322.57,sl,-99.42999999999938,2016,7,2016-07-26
LONG,1341.89,1333.25,1359.16,0.12,2016-07-29 08:30:00+00:00,London,1359.16,tp,206.23999999999978,2016,8,2016-08-02
LONG,1352.03,1345.96,1364.18,0.16,2016-08-04 06:00:00+00:00,London,1364.18,tp,193.40000000000146,2016,8,2016-08-04
LONG,1345.85,1339.63,1358.29,0.16,2016-08-11 08:30:00+00:00,London,1339.63,sl,-100.5199999999968,2016,8,2016-08-11
LONG,1353.88,1346.51,1368.62,0.14,2016-08-16 08:15:00+00:00,London,1346.51,sl,-104.18000000000167,2016,8,2016-08-16
SHORT,1330.95,1336.32,1320.21,0.19,2016-08-24 08:30:00+00:00,London,1320.21,tp,203.06000000000017,2016,8,2016-08-25
SHORT,1318.83,1323.44,1309.6,0.22,2016-08-30 08:30:00+00:00,London,1309.6,tp,202.06000000000043,2016,8,2016-08-30
SHORT,1328.33,1333.27,1318.45,0.2,2016-09-13 06:15:00+00:00,London,1318.45,tp,196.59999999999764,2016,9,2016-09-13
SHORT,1321.83,1327.08,1311.34,0.19,2016-09-14 06:45:00+00:00,London,1327.08,sl,-100.75,2016,9,2016-09-15
SHORT,1320.61,1326.88,1308.07,0.16,2016-09-15 08:45:00+00:00,London,1308.07,tp,199.63999999999945,2016,9,2016-09-16
SHORT,1314.55,1319.6,1304.45,0.2,2016-09-19 07:30:00+00:00,London,1319.6,sl,-101.99999999999909,2016,9,2016-09-21
LONG,1332.85,1327.79,1342.97,0.2,2016-09-22 06:15:00+00:00,London,1342.97,tp,201.40000000000236,2016,9,2016-09-22
LONG,1336.97,1332.54,1345.84,0.23,2016-09-26 07:30:00+00:00,London,1332.54,sl,-102.89000000000148,2016,9,2016-09-27
SHORT,1320.58,1325.02,1311.69,0.23,2016-09-29 08:00:00+00:00,London,1325.02,sl,-103.12000000000126,2016,9,2016-09-30
SHORT,1307.94,1312.17,1299.49,0.24,2016-10-04 07:30:00+00:00,London,1299.49,tp,201.80000000000106,2016,10,2016-10-04
SHORT,1254.87,1260.32,1243.97,0.18,2016-10-11 08:00:00+00:00,London,1260.32,sl,-99.10000000000082,2016,10,2016-10-12
SHORT,1252.92,1258.47,1241.82,0.18,2016-10-14 08:00:00+00:00,London,1258.47,sl,-100.89999999999918,2016,10,2016-10-14
LONG,1302.53,1295.32,1316.95,0.14,2016-11-04 08:15:00+00:00,London,1295.32,sl,-101.94000000000052,2016,11,2016-11-07
LONG,1304.32,1285.71,1341.54,0.05,2016-11-09 07:15:00+00:00,London,1285.71,sl,-94.0499999999995,2016,11,2016-11-09
SHORT,1278.87,1295.25,1246.11,0.06,2016-11-10 08:00:00+00:00,London,1246.11,tp,195.55999999999995,2016,11,2016-11-11
SHORT,1211.64,1216.73,1201.47,0.2,2016-11-23 06:15:00+00:00,London,1201.47,tp,202.40000000000146,2016,11,2016-11-23
SHORT,1190.57,1198.39,1174.93,0.13,2016-11-28 06:15:00+00:00,London,1174.93,tp,202.31999999999834,2016,11,2016-11-30
SHORT,1167.32,1174.51,1152.94,0.14,2016-12-01 06:45:00+00:00,London,1174.51,sl,-101.66000000000076,2016,12,2016-12-01
SHORT,1171.0,1177.95,1157.1,0.14,2016-12-02 07:45:00+00:00,London,1177.95,sl,-98.30000000000064,2016,12,2016-12-07
SHORT,1155.03,1160.69,1143.71,0.18,2016-12-12 07:45:00+00:00,London,1160.69,sl,-102.88000000000147,2016,12,2016-12-12
SHORT,1157.81,1162.6,1148.23,0.21,2016-12-13 06:30:00+00:00,London,1162.6,sl,-101.58999999999922,2016,12,2016-12-13
SHORT,1133.19,1138.07,1123.43,0.2,2016-12-20 06:15:00+00:00,London,1138.07,sl,-98.59999999999765,2016,12,2016-12-27
LONG,1165.86,1159.88,1177.82,0.17,2017-01-04 07:30:00+00:00,London,1177.82,tp,202.32000000000062,2017,1,2017-01-05
LONG,1174.27,1167.15,1188.51,0.14,2017-01-05 08:15:00+00:00,London,1188.51,tp,198.36000000000013,2017,1,2017-01-10
LONG,1188.57,1183.82,1198.07,0.21,2017-01-11 06:00:00+00:00,London,1183.82,sl,-100.75,2017,1,2017-01-11
LONG,1196.94,1191.15,1208.51,0.17,2017-01-13 06:00:00+00:00,London,1191.15,sl,-99.42999999999938,2017,1,2017-01-13
LONG,1212.97,1208.25,1222.4,0.21,2017-01-18 06:45:00+00:00,London,1208.25,sl,-100.12000000000057,2017,1,2017-01-18
LONG,1214.7,1208.21,1227.67,0.15,2017-01-23 08:15:00+00:00,London,1208.21,sl,-98.35000000000014,2017,1,2017-01-24
LONG,1210.7,1205.39,1221.31,0.19,2017-02-01 06:15:00+00:00,London,1205.39,sl,-101.88999999999896,2017,2,2017-02-01
LONG,1215.26,1208.57,1228.63,0.15,2017-02-03 08:30:00+00:00,London,1228.63,tp,199.55000000000177,2017,2,2017-02-06
LONG,1238.78,1233.33,1249.68,0.18,2017-02-08 08:45:00+00:00,London,1233.33,sl,-99.10000000000082,2017,2,2017-02-09
LONG,1238.25,1233.0,1248.75,0.19,2017-02-16 08:30:00+00:00,London,1233.0,sl,-100.75,2017,2,2017-02-20
SHORT,1231.24,1236.65,1220.42,0.18,2017-03-06 08:00:00+00:00,London,1220.42,tp,193.75999999999885,2017,3,2017-03-07
LONG,1233.09,1228.1,1243.07,0.2,2017-03-21 08:30:00+00:00,London,1243.07,tp,198.60000000000036,2017,3,2017-03-21
LONG,1253.56,1249.34,1262.0,0.24,2017-03-28 06:15:00+00:00,London,1249.34,sl,-102.28000000000065,2017,3,2017-03-28
LONG,1263.91,1258.0,1275.72,0.17,2017-04-07 08:00:00+00:00,London,1258.0,sl,-101.47000000000139,2017,4,2017-04-07
LONG,1285.34,1279.47,1297.08,0.17,2017-04-18 08:15:00+00:00,London,1279.47,sl,-100.78999999999814,2017,4,2017-04-18
SHORT,1263.95,1268.23,1255.39,0.23,2017-04-27 06:30:00+00:00,London,1268.23,sl,-99.43999999999937,2017,4,2017-04-28
SHORT,1262.51,1265.85,1255.83,0.3,2017-05-01 06:00:00+00:00,London,1265.85,sl,-101.19999999999753,2017,5,2017-05-01
SHORT,1224.6,1228.96,1215.88,0.23,2017-05-09 07:30:00+00:00,London,1215.88,tp,199.5599999999954,2017,5,2017-05-09
LONG,1266.22,1262.72,1273.21,0.29,2017-05-31 08:00:00+00:00,London,1273.21,tp,201.71000000000026,2017,5,2017-05-31
LONG,1262.45,1256.58,1274.18,0.17,2017-06-02 08:15:00+00:00,London,1274.18,tp,198.41000000000034,2017,6,2017-06-02
SHORT,1251.03,1254.53,1244.02,0.29,2017-06-19 06:00:00+00:00,London,1244.02,tp,202.2899999999997,2017,6,2017-06-19
SHORT,1249.13,1254.15,1239.09,0.2,2017-06-27 08:15:00+00:00,London,1254.15,sl,-101.39999999999965,2017,6,2017-06-28
SHORT,1243.29,1247.69,1234.49,0.23,2017-06-30 07:30:00+00:00,London,1234.49,tp,201.39999999999898,2017,7,2017-07-03
SHORT,1221.18,1225.76,1212.03,0.22,2017-07-05 08:00:00+00:00,London,1225.76,sl,-101.7599999999984,2017,7,2017-07-05
SHORT,1224.06,1228.41,1215.37,0.23,2017-07-06 06:15:00+00:00,London,1228.41,sl,-101.05000000000315,2017,7,2017-07-07
SHORT,1220.94,1227.38,1208.07,0.16,2017-07-07 08:45:00+00:00,London,1208.07,tp,204.9200000000019,2017,7,2017-07-07
SHORT,1209.96,1214.39,1201.11,0.23,2017-07-11 06:15:00+00:00,London,1214.39,sl,-102.89000000000148,2017,7,2017-07-11
LONG,1262.67,1258.21,1271.59,0.22,2017-07-27 06:15:00+00:00,London,1258.21,sl,-99.1200000000008,2017,7,2017-07-27
LONG,1267.33,1262.58,1276.83,0.21,2017-08-01 08:45:00+00:00,London,1262.58,sl,-100.75,2017,8,2017-08-02
LONG,1267.68,1262.92,1277.2,0.21,2017-08-09 06:15:00+00:00,London,1277.2,tp,198.91999999999962,2017,8,2017-08-09
LONG,1296.41,1290.36,1308.51,0.17,2017-08-18 08:45:00+00:00,London,1290.36,sl,-103.8500000000031,2017,8,2017-08-18
LONG,1298.46,1293.44,1308.51,0.2,2017-08-28 08:15:00+00:00,London,1308.51,tp,199.9999999999991,2017,8,2017-08-28
LONG,1306.37,1299.72,1319.67,0.15,2017-08-31 08:15:00+00:00,London,1319.67,tp,198.50000000000273,2017,8,2017-08-31
LONG,1318.69,1313.51,1329.05,0.19,2017-09-01 07:15:00+00:00,London,1329.05,tp,195.8399999999981,2017,9,2017-09-04
LONG,1339.23,1333.88,1349.94,0.19,2017-09-06 08:15:00+00:00,London,1333.88,sl,-102.64999999999826,2017,9,2017-09-06
LONG,1339.44,1334.73,1348.86,0.21,2017-09-07 07:15:00+00:00,London,1348.86,tp,196.81999999999675,2017,9,2017-09-07
SHORT,1290.01,1296.1,1277.82,0.16,2017-09-27 06:30:00+00:00,London,1277.82,tp,194.04000000000087,2017,9,2017-09-28
SHORT,1268.38,1271.97,1261.19,0.28,2017-10-06 07:30:00+00:00,London,1261.19,tp,200.32000000000153,2017,10,2017-10-06
LONG,1295.35,1291.35,1303.35,0.25,2017-10-12 07:00:00+00:00,London,1291.35,sl,-101.0,2017,10,2017-10-12
SHORT,1278.27,1282.4,1270.01,0.24,2017-10-24 06:15:00+00:00,London,1282.4,sl,-100.12000000000262,2017,10,2017-10-26
SHORT,1266.73,1270.93,1258.32,0.24,2017-10-27 07:15:00+00:00,London,1270.93,sl,-101.80000000000109,2017,10,2017-10-27
LONG,1286.78,1282.61,1295.12,0.24,2017-11-09 07:45:00+00:00,London,1282.61,sl,-101.08000000000175,2017,11,2017-11-09
LONG,1284.61,1280.98,1291.86,0.28,2017-11-10 07:00:00+00:00,London,1280.98,sl,-102.63999999999669,2017,11,2017-11-10
SHORT,1272.94,1276.29,1266.25,0.3,2017-11-14 06:45:00+00:00,London,1276.29,sl,-101.49999999999726,2017,11,2017-11-14
LONG,1285.38,1281.52,1293.1,0.26,2017-11-15 06:45:00+00:00,London,1281.52,sl,-101.36000000000331,2017,11,2017-11-15
LONG,1283.0,1278.76,1291.47,0.24,2017-11-17 08:15:00+00:00,London,1291.47,tp,202.28000000000065,2017,11,2017-11-17
LONG,1291.79,1287.77,1299.83,0.25,2017-11-23 08:45:00+00:00,London,1287.77,sl,-101.49999999999955,2017,11,2017-11-24
SHORT,1276.29,1280.08,1268.71,0.26,2017-12-01 06:30:00+00:00,London,1280.08,sl,-99.53999999999907,2017,12,2017-12-01
SHORT,1265.86,1270.24,1257.1,0.23,2017-12-06 08:15:00+00:00,London,1257.1,tp,200.4799999999998,2017,12,2017-12-07
SHORT,1242.48,1246.2,1235.05,0.27,2017-12-12 08:15:00+00:00,London,1246.2,sl,-101.44000000000075,2017,12,2017-12-13
LONG,1265.44,1262.49,1271.34,0.34,2017-12-20 08:15:00+00:00,London,1262.49,sl,-101.30000000000155,2017,12,2017-12-20
LONG,1265.76,1262.75,1271.77,0.33,2017-12-21 08:30:00+00:00,London,1271.77,tp,197.32999999999973,2017,12,2017-12-22
LONG,1314.95,1309.38,1326.09,0.18,2018-01-04 08:15:00+00:00,London,1309.38,sl,-101.25999999999885,2018,1,2018-01-09
LONG,1322.87,1316.52,1335.56,0.16,2018-01-10 08:15:00+00:00,London,1316.52,sl,-102.59999999999853,2018,1,2018-01-10
LONG,1319.13,1314.13,1329.14,0.2,2018-01-11 06:45:00+00:00,London,1329.14,tp,199.19999999999985,2018,1,2018-01-11
LONG,1334.84,1329.84,1344.85,0.2,2018-01-19 08:30:00+00:00,London,1329.84,sl,-101.0,2018,1,2018-01-22
LONG,1337.45,1333.83,1344.7,0.28,2018-01-23 06:00:00+00:00,London,1333.83,sl,-102.36000000000331,2018,1,2018-01-23
SHORT,1322.75,1327.7,1312.85,0.2,2018-02-22 06:15:00+00:00,London,1327.7,sl,-100.00000000000091,2018,2,2018-02-22
SHORT,1328.66,1333.22,1319.54,0.22,2018-02-23 08:15:00+00:00,London,1333.22,sl,-101.31999999999881,2018,2,2018-02-26
SHORT,1318.94,1323.96,1308.9,0.2,2018-02-28 08:00:00+00:00,London,1308.9,tp,199.7999999999993,2018,3,2018-03-01
SHORT,1318.41,1322.27,1310.7,0.26,2018-03-09 07:30:00+00:00,London,1322.27,sl,-101.35999999999741,2018,3,2018-03-09
SHORT,1316.76,1320.89,1308.49,0.24,2018-03-12 08:15:00+00:00,London,1320.89,sl,-100.12000000000262,2018,3,2018-03-12
SHORT,1318.29,1322.28,1310.32,0.25,2018-03-13 06:15:00+00:00,London,1322.28,sl,-100.75000000000023,2018,3,2018-03-13
LONG,1331.0,1325.13,1342.73,0.17,2018-03-22 08:15:00+00:00,London,1325.13,sl,-100.78999999999814,2018,3,2018-03-22
SHORT,1325.74,1331.45,1314.31,0.18,2018-04-05 08:15:00+00:00,London,1331.45,sl,-103.78000000000065,2018,4,2018-04-05
SHORT,1324.27,1329.87,1313.07,0.18,2018-04-06 06:15:00+00:00,London,1329.87,sl,-101.79999999999836,2018,4,2018-04-06
SHORT,1323.98,1328.4,1315.13,0.23,2018-04-25 07:00:00+00:00,London,1315.13,tp,202.5499999999979,2018,4,2018-04-30
SHORT,1309.95,1314.38,1301.08,0.23,2018-05-08 08:00:00+00:00,London,1314.38,sl,-102.89000000000148,2018,5,2018-05-08
LONG,1305.04,1300.97,1313.19,0.25,2018-05-31 07:00:00+00:00,London,1300.97,sl,-102.74999999999841,2018,5,2018-05-31
SHORT,1294.55,1297.31,1289.02,0.36,2018-06-13 07:15:00+00:00,London,1297.31,sl,-100.35999999999967,2018,6,2018-06-13
LONG,1305.03,1300.85,1313.4,0.24,2018-06-14 08:00:00+00:00,London,1300.85,sl,-101.32000000000151,2018,6,2018-06-14
SHORT,1268.56,1272.1,1261.48,0.28,2018-06-22 08:15:00+00:00,London,1261.48,tp,197.23999999999796,2018,6,2018-06-26
SHORT,1256.99,1261.52,1247.93,0.22,2018-06-27 08:00:00+00:00,London,1247.93,tp,198.3199999999988,2018,6,2018-06-28
SHORT,1248.47,1251.56,1242.28,0.32,2018-07-02 07:00:00+00:00,London,1242.28,tp,197.08000000000175,2018,7,2018-07-02
SHORT,1250.49,1254.95,1241.57,0.22,2018-07-11 07:15:00+00:00,London,1241.57,tp,195.2400000000016,2018,7,2018-07-11
SHORT,1241.04,1244.91,1233.29,0.26,2018-07-13 06:15:00+00:00,London,1244.91,sl,-101.62000000000309,2018,7,2018-07-16
SHORT,1242.95,1246.85,1235.15,0.26,2018-07-16 08:15:00+00:00,London,1235.15,tp,201.79999999999882,2018,7,2018-07-17
SHORT,1225.01,1229.99,1215.05,0.2,2018-07-24 08:30:00+00:00,London,1229.99,sl,-100.60000000000036,2018,7,2018-07-25
SHORT,1222.23,1226.39,1213.9,0.24,2018-08-01 08:15:00+00:00,London,1213.9,tp,198.91999999999825,2018,8,2018-08-02
SHORT,1210.61,1215.13,1201.57,0.22,2018-08-06 06:00:00+00:00,London,1215.13,sl,-100.4400000000046,2018,8,2018-08-07
SHORT,1177.91,1184.11,1165.51,0.16,2018-08-16 08:15:00+00:00,London,1184.11,sl,-100.19999999999709,2018,8,2018-08-17
LONG,1204.59,1200.28,1213.2,0.23,2018-08-27 07:00:00+00:00,London,1213.2,tp,197.03000000000296,2018,8,2018-08-28
LONG,1206.58,1201.99,1215.76,0.22,2018-08-31 06:45:00+00:00,London,1201.99,sl,-101.9799999999982,2018,8,2018-08-31
SHORT,1194.71,1198.68,1186.78,0.25,2018-09-04 06:15:00+00:00,London,1198.68,sl,-100.25000000000068,2018,9,2018-09-05
SHORT,1193.21,1196.98,1185.67,0.27,2018-09-10 06:15:00+00:00,London,1196.98,sl,-102.78999999999951,2018,9,2018-09-10
SHORT,1195.43,1199.51,1187.27,0.25,2018-09-12 06:45:00+00:00,London,1199.51,sl,-102.99999999999818,2018,9,2018-09-12
LONG,1206.5,1202.16,1215.18,0.23,2018-09-14 06:45:00+00:00,London,1202.16,sl,-100.81999999999812,2018,9,2018-09-14
LONG,1203.41,1199.72,1210.79,0.27,2018-09-19 06:30:00+00:00,London,1210.79,tp,198.2599999999968,2018,9,2018-09-21
SHORT,1185.66,1189.6,1177.77,0.25,2018-10-01 06:00:00+00:00,London,1189.6,sl,-99.49999999999568,2018,10,2018-10-01
SHORT,1186.48,1191.06,1177.31,0.22,2018-10-09 08:15:00+00:00,London,1191.06,sl,-101.7599999999984,2018,10,2018-10-09
SHORT,1188.08,1191.86,1180.51,0.26,2018-10-10 07:30:00+00:00,London,1191.86,sl,-99.27999999999929,2018,10,2018-10-10
LONG,1228.73,1224.1,1237.99,0.22,2018-10-16 06:00:00+00:00,London,1224.1,sl,-102.86000000000239,2018,10,2018-10-16
LONG,1226.27,1221.79,1235.24,0.22,2018-10-17 07:00:00+00:00,London,1221.79,sl,-99.5600000000004,2018,10,2018-10-17
LONG,1227.74,1223.38,1236.47,0.23,2018-10-19 07:15:00+00:00,London,1223.38,sl,-101.2799999999977,2018,10,2018-10-22
LONG,1234.33,1230.11,1242.77,0.24,2018-10-23 06:45:00+00:00,London,1230.11,sl,-102.28000000000065,2018,10,2018-10-23
SHORT,1217.3,1221.82,1208.26,0.22,2018-10-31 08:00:00+00:00,London,1221.82,sl,-100.4399999999996,2018,11,2018-11-01
LONG,1235.37,1231.05,1244.01,0.23,2018-11-02 06:45:00+00:00,London,1231.05,sl,-100.35999999999854,2018,11,2018-11-02
SHORT,1222.86,1227.32,1213.94,0.22,2018-11-08 06:00:00+00:00,London,1213.94,tp,195.2399999999966,2018,11,2018-11-09
SHORT,1199.67,1203.47,1192.08,0.26,2018-11-14 06:15:00+00:00,London,1203.47,sl,-99.79999999999882,2018,11,2018-11-14
LONG,1221.62,1217.6,1229.66,0.25,2018-11-19 08:15:00+00:00,London,1229.66,tp,200.00000000000477,2018,11,2018-11-21
LONG,1228.15,1225.01,1234.44,0.32,2018-11-22 07:30:00+00:00,London,1225.01,sl,-101.48000000000322,2018,11,2018-11-23
SHORT,1213.01,1216.36,1206.3,0.3,2018-11-28 08:00:00+00:00,London,1216.36,sl,-101.49999999999726,2018,11,2018-11-28
LONG,1225.9,1221.92,1233.86,0.25,2018-11-29 07:00:00+00:00,London,1221.92,sl,-100.50000000000045,2018,11,2018-11-30
LONG,1238.02,1233.9,1246.25,0.24,2018-12-06 08:15:00+00:00,London,1246.25,tp,196.52000000000044,2018,12,2018-12-07
LONG,1247.82,1244.51,1254.43,0.3,2018-12-11 06:30:00+00:00,London,1244.51,sl,-100.29999999999836,2018,12,2018-12-11
LONG,1255.385,1249.65,1266.86,0.17,2018-12-20 08:00:00+00:00,London,1266.86,tp,194.07499999999845,2018,12,2018-12-24
LONG,1271.628,1266.41,1282.06,0.19,2018-12-27 07:00:00+00:00,London,1282.06,tp,197.2080000000003,2018,12,2018-12-28
LONG,1286.685,1282.54,1294.97,0.24,2019-01-02 08:15:00+00:00,London,1282.54,sl,-100.47999999999956,2019,1,2019-01-02
LONG,1289.117,1284.07,1299.21,0.2,2019-01-03 08:30:00+00:00,London,1284.07,sl,-101.94000000000052,2019,1,2019-01-04
LONG,1292.838,1288.98,1300.56,0.26,2019-01-11 07:00:00+00:00,London,1288.98,sl,-101.30799999999864,2019,1,2019-01-11
SHORT,1279.168,1282.35,1272.81,0.31,2019-01-24 07:00:00+00:00,London,1282.35,sl,-99.64200000000051,2019,1,2019-01-24
LONG,1317.828,1313.72,1326.04,0.24,2019-02-15 07:45:00+00:00,London,1326.04,tp,196.08799999999974,2019,2,2019-02-18
SHORT,1323.758,1329.11,1313.06,0.19,2019-02-28 08:15:00+00:00,London,1313.06,tp,202.2620000000018,2019,2,2019-02-28
LONG,1317.358,1313.2,1325.66,0.24,2019-03-25 06:15:00+00:00,London,1313.2,sl,-100.79199999999764,2019,3,2019-03-26
LONG,1304.045,1300.32,1311.49,0.27,2019-04-10 08:00:00+00:00,London,1300.32,sl,-101.5750000000037,2019,4,2019-04-11
SHORT,1276.115,1280.07,1268.21,0.25,2019-04-17 08:15:00+00:00,London,1268.21,tp,196.62499999999932,2019,4,2019-04-23
SHORT,1271.098,1275.23,1262.83,0.24,2019-05-02 06:00:00+00:00,London,1275.23,sl,-100.16800000000148,2019,5,2019-05-03
LONG,1285.465,1282.07,1292.25,0.29,2019-05-10 07:15:00+00:00,London,1282.07,sl,-99.45499999999947,2019,5,2019-05-13
LONG,1299.018,1295.46,1306.13,0.28,2019-05-15 07:45:00+00:00,London,1295.46,sl,-100.6239999999998,2019,5,2019-05-15
LONG,1334.328,1329.44,1344.1,0.2,2019-06-07 07:00:00+00:00,London,1344.1,tp,194.4399999999987,2019,6,2019-06-07
LONG,1335.758,1330.92,1345.44,0.21,2019-06-12 07:15:00+00:00,London,1330.92,sl,-102.59799999999927,2019,6,2019-06-12
LONG,1336.928,1332.37,1346.04,0.22,2019-06-13 07:00:00+00:00,London,1346.04,tp,199.4639999999968,2019,6,2019-06-13
LONG,1422.188,1415.61,1435.35,0.15,2019-07-18 07:30:00+00:00,London,1415.61,sl,-99.67000000000303,2019,7,2019-07-18
LONG,1426.728,1421.02,1438.15,0.18,2019-07-25 06:15:00+00:00,London,1421.02,sl,-103.7440000000015,2019,7,2019-07-25
SHORT,1405.945,1412.74,1392.36,0.15,2019-08-01 07:00:00+00:00,London,1412.74,sl,-102.92500000000109,2019,8,2019-08-01
LONG,1436.558,1426.11,1457.45,0.1,2019-08-02 06:30:00+00:00,London,1457.45,tp,207.92000000000053,2019,8,2019-08-05
LONG,1502.218,1493.39,1519.88,0.11,2019-08-23 08:00:00+00:00,London,1519.88,tp,193.28200000000038,2019,8,2019-08-23
LONG,1530.788,1522.02,1548.33,0.11,2019-08-27 08:30:00+00:00,London,1548.33,tp,191.96199999999908,2019,8,2019-08-29
LONG,1519.075,1512.67,1531.89,0.16,2019-09-23 06:15:00+00:00,London,1531.89,tp,204.04000000000087,2019,9,2019-09-24
SHORT,1493.765,1501.71,1477.87,0.13,2019-09-27 08:00:00+00:00,London,1501.71,sl,-104.28499999999919,2019,9,2019-09-27
SHORT,1483.988,1492.2,1467.57,0.12,2019-11-07 08:30:00+00:00,London,1467.57,tp,196.01600000000144,2019,11,2019-11-07
SHORT,1464.435,1469.98,1453.34,0.18,2019-11-11 06:45:00+00:00,London,1453.34,tp,198.71000000000046,2019,11,2019-11-11
SHORT,1453.205,1459.34,1440.93,0.16,2019-11-12 08:00:00+00:00,London,1459.34,sl,-99.15999999999985,2019,11,2019-11-12
SHORT,1458.688,1463.04,1449.99,0.23,2019-11-18 07:00:00+00:00,London,1463.04,sl,-101.09599999999683,2019,11,2019-11-18
SHORT,1458.615,1462.6,1450.65,0.25,2019-11-27 06:15:00+00:00,London,1462.6,sl,-100.6249999999975,2019,11,2019-11-29
LONG,1471.455,1464.85,1484.66,0.15,2019-12-13 07:15:00+00:00,London,1484.66,tp,197.07500000000232,2019,12,2019-12-23
LONG,1490.275,1485.98,1498.86,0.23,2019-12-24 08:15:00+00:00,London,1498.86,tp,196.4549999999956,2019,12,2019-12-24
LONG,1567.328,1558.61,1584.76,0.11,2020-01-07 08:30:00+00:00,London,1584.76,tp,190.75200000000018,2020,1,2020-01-07
LONG,1560.245,1556.39,1567.96,0.26,2020-01-20 06:15:00+00:00,London,1567.96,tp,199.59000000000378,2020,1,2020-01-20
LONG,1560.705,1553.3,1575.51,0.14,2020-01-24 08:30:00+00:00,London,1575.51,tp,206.27000000000092,2020,1,2020-01-24
LONG,1580.415,1574.9,1591.45,0.18,2020-01-30 07:00:00+00:00,London,1574.9,sl,-100.26999999999771,2020,1,2020-01-30
LONG,1581.025,1574.29,1594.49,0.15,2020-01-31 08:00:00+00:00,London,1574.29,sl,-102.0250000000019,2020,2,2020-02-03
SHORT,1552.805,1560.7,1537.01,0.13,2020-02-05 08:00:00+00:00,London,1560.7,sl,-103.63499999999976,2020,2,2020-02-06
LONG,1575.098,1569.92,1585.46,0.19,2020-02-13 06:15:00+00:00,London,1585.46,tp,195.87800000000152,2020,2,2020-02-17
SHORT,1605.448,1623.98,1568.38,0.05,2020-03-02 06:30:00+00:00,London,1623.98,sl,-93.65999999999963,2020,3,2020-03-03
LONG,1677.755,1655.43,1722.4,0.04,2020-03-09 07:00:00+00:00,London,1655.43,sl,-90.30000000000018,2020,3,2020-03-10
SHORT,1502.968,1535.7,1437.49,0.03,2020-03-18 07:30:00+00:00,London,1535.7,sl,-99.19599999999991,2020,3,2020-03-23
LONG,1622.491,1605.15,1657.18,0.06,2020-03-27 07:45:00+00:00,London,1605.15,sl,-105.04599999999937,2020,3,2020-03-31
LONG,1612.308,1600.14,1636.64,0.08,2020-04-03 07:00:00+00:00,London,1636.64,tp,193.65600000000086,2020,4,2020-04-06
LONG,1657.388,1641.46,1689.25,0.06,2020-04-07 06:30:00+00:00,London,1641.46,sl,-96.5679999999993,2020,4,2020-04-07
LONG,1662.338,1651.23,1684.54,0.09,2020-04-09 07:30:00+00:00,London,1684.54,tp,198.81799999999998,2020,4,2020-04-09
LONG,1703.315,1686.9,1736.14,0.06,2020-04-22 08:30:00+00:00,London,1736.14,tp,195.95000000000027,2020,4,2020-04-23
LONG,1730.098,1717.85,1754.59,0.08,2020-04-24 06:15:00+00:00,London,1717.85,sl,-98.98400000000038,2020,4,2020-04-24
LONG,1715.878,1705.44,1736.75,0.1,2020-04-30 07:30:00+00:00,London,1705.44,sl,-105.37999999999874,2020,4,2020-04-30
SHORT,1674.198,1686.92,1648.75,0.08,2020-05-01 06:00:00+00:00,London,1686.92,sl,-102.77599999999984,2020,5,2020-05-01
LONG,1703.208,1695.1,1719.43,0.12,2020-05-13 06:00:00+00:00,London,1719.43,tp,193.66399999999976,2020,5,2020-05-13
LONG,1717.295,1709.15,1733.59,0.12,2020-05-14 07:30:00+00:00,London,1733.59,tp,194.53999999999814,2020,5,2020-05-14
LONG,1735.258,1725.46,1754.86,0.1,2020-05-15 08:00:00+00:00,London,1754.86,tp,195.01999999999862,2020,5,2020-05-18
LONG,1751.228,1742.46,1768.76,0.11,2020-05-20 07:45:00+00:00,London,1742.46,sl,-97.44800000000032,2020,5,2020-05-20
LONG,1739.008,1730.66,1755.71,0.12,2020-06-02 06:15:00+00:00,London,1730.66,sl,-101.17599999999946,2020,6,2020-06-02
SHORT,1705.425,1715.26,1685.75,0.1,2020-06-05 06:45:00+00:00,London,1685.75,tp,195.74999999999955,2020,6,2020-06-05
SHORT,1691.908,1701.83,1672.05,0.1,2020-06-08 07:45:00+00:00,London,1701.83,sl,-100.22000000000027,2020,6,2020-06-08
LONG,1733.835,1723.75,1754.0,0.1,2020-06-12 06:00:00+00:00,London,1723.75,sl,-101.85000000000038,2020,6,2020-06-15
LONG,1756.458,1748.05,1773.27,0.12,2020-06-23 06:45:00+00:00,London,1773.27,tp,200.74399999999878,2020,6,2020-06-23
LONG,1787.488,1779.72,1803.02,0.13,2020-07-01 06:00:00+00:00,London,1779.72,sl,-101.98400000000038,2020,7,2020-07-01
LONG,1778.538,1770.7,1794.22,0.13,2020-07-07 08:45:00+00:00,London,1794.22,tp,202.86600000000024,2020,7,2020-07-07
LONG,1809.108,1802.0,1823.32,0.14,2020-07-13 08:15:00+00:00,London,1802.0,sl,-100.51199999999926,2020,7,2020-07-13
LONG,1810.845,1805.97,1820.6,0.21,2020-07-20 06:45:00+00:00,London,1820.6,tp,203.85499999999752,2020,7,2020-07-21
LONG,1932.835,1909.08,1980.34,0.04,2020-07-28 08:15:00+00:00,London,1980.34,tp,189.01999999999953,2020,7,2020-07-29
LONG,1975.845,1961.32,2004.89,0.07,2020-07-31 06:00:00+00:00,London,1961.32,sl,-102.67500000000065,2020,7,2020-07-31
SHORT,1931.635,1957.58,1879.74,0.04,2020-08-13 07:45:00+00:00,London,1957.58,sl,-104.77999999999975,2020,8,2020-08-13
SHORT,1933.975,1956.14,1889.65,0.05,2020-08-20 08:45:00+00:00,London,1956.14,sl,-111.82500000000095,2020,8,2020-08-24
SHORT,1947.355,1965.03,1912.01,0.06,2020-08-24 08:30:00+00:00,London,1912.01,tp,211.07000000000016,2020,8,2020-08-26
LONG,1964.935,1950.52,1993.76,0.07,2020-08-31 06:15:00+00:00,London,1950.52,sl,-101.90499999999976,2020,9,2020-09-02
SHORT,1936.908,1952.06,1906.6,0.07,2020-09-04 08:00:00+00:00,London,1906.6,tp,211.15599999999998,2020,9,2020-09-08
LONG,1966.235,1956.96,1984.79,0.11,2020-09-16 06:00:00+00:00,London,1956.96,sl,-103.0249999999985,2020,9,2020-09-16
SHORT,1904.768,1919.04,1876.22,0.07,2020-09-22 07:00:00+00:00,London,1876.22,tp,198.83600000000004,2020,9,2020-09-23
SHORT,1886.618,1899.07,1861.71,0.08,2020-10-07 08:15:00+00:00,London,1899.07,sl,-100.61599999999999,2020,10,2020-10-08
LONG,1915.635,1904.86,1937.19,0.09,2020-10-09 08:15:00+00:00,London,1904.86,sl,-97.9750000000008,2020,10,2020-10-13
SHORT,1894.518,1904.08,1875.39,0.1,2020-10-15 06:00:00+00:00,London,1904.08,sl,-96.61999999999898,2020,10,2020-10-15
LONG,1918.265,1909.16,1936.48,0.11,2020-10-21 08:00:00+00:00,London,1909.16,sl,-101.1550000000002,2020,10,2020-10-22
SHORT,1901.128,1909.65,1884.08,0.12,2020-10-26 07:00:00+00:00,London,1909.65,sl,-103.26400000000193,2020,10,2020-10-26
LONG,1916.945,1904.64,1941.55,0.08,2020-11-05 06:15:00+00:00,London,1941.55,tp,195.84000000000015,2020,11,2020-11-05
SHORT,1876.538,1895.16,1839.29,0.05,2020-11-10 08:00:00+00:00,London,1895.16,sl,-94.11000000000035,2020,11,2020-11-13
SHORT,1866.015,1873.28,1851.48,0.14,2020-11-23 07:30:00+00:00,London,1851.48,tp,202.49000000000115,2020,11,2020-11-23
SHORT,1806.498,1814.05,1791.4,0.13,2020-11-27 07:45:00+00:00,London,1791.4,tp,195.27399999999943,2020,11,2020-11-27
LONG,1841.775,1832.77,1859.78,0.11,2020-12-04 06:30:00+00:00,London,1832.77,sl,-100.0550000000012,2020,12,2020-12-04
LONG,1864.345,1853.89,1885.26,0.1,2020-12-08 07:00:00+00:00,London,1853.89,sl,-105.54999999999927,2020,12,2020-12-09
SHORT,1825.775,1834.75,1807.83,0.11,2020-12-14 07:30:00+00:00,London,1834.75,sl,-99.724999999999,2020,12,2020-12-14
LONG,1881.388,1872.72,1898.73,0.12,2020-12-30 08:15:00+00:00,London,1898.73,tp,207.10400000000118,2020,12,2020-12-30
LONG,1893.418,1885.16,1909.93,0.12,2020-12-31 06:00:00+00:00,London,1909.93,tp,197.14400000000205,2021,1,2021-01-04
SHORT,1852.41,1864.65,1827.94,0.08,2021-01-13 06:45:00+00:00,London,1827.94,tp,194.76000000000022,2021,1,2021-01-15
SHORT,1842.705,1852.0,1824.12,0.11,2021-01-19 06:45:00+00:00,London,1852.0,sl,-103.2450000000008,2021,1,2021-01-20
LONG,1863.285,1849.49,1890.87,0.07,2021-02-01 08:00:00+00:00,London,1849.49,sl,-97.56500000000052,2021,2,2021-02-02
SHORT,1834.595,1844.52,1814.74,0.1,2021-02-03 06:30:00+00:00,London,1814.74,tp,197.55000000000018,2021,2,2021-02-04
SHORT,1817.665,1826.56,1799.87,0.11,2021-02-12 06:15:00+00:00,London,1826.56,sl,-98.8449999999998,2021,2,2021-02-12
SHORT,1820.385,1828.5,1804.16,0.12,2021-02-15 08:30:00+00:00,London,1804.16,tp,193.6999999999989,2021,2,2021-02-16
SHORT,1783.965,1794.16,1763.57,0.1,2021-02-18 06:45:00+00:00,London,1763.57,tp,202.94999999999982,2021,2,2021-02-18
SHORT,1792.598,1803.28,1771.23,0.09,2021-02-25 06:00:00+00:00,London,1771.23,tp,191.31199999999944,2021,2,2021-02-25
SHORT,1743.685,1757.89,1715.28,0.07,2021-03-01 07:15:00+00:00,London,1715.28,tp,197.83499999999984,2021,3,2021-03-01
SHORT,1714.44,1727.33,1688.67,0.08,2021-03-03 08:00:00+00:00,London,1688.67,tp,205.15999999999985,2021,3,2021-03-04
SHORT,1693.975,1705.8,1670.32,0.08,2021-03-05 06:00:00+00:00,London,1705.8,sl,-95.60000000000036,2021,3,2021-03-05
SHORT,1689.344,1701.63,1664.78,0.08,2021-03-08 06:15:00+00:00,London,1701.63,sl,-99.28800000000047,2021,3,2021-03-09
SHORT,1725.188,1733.7,1708.17,0.12,2021-03-29 08:00:00+00:00,London,1708.17,tp,203.21600000000035,2021,3,2021-03-29
LONG,1732.715,1725.23,1747.68,0.13,2021-04-06 06:45:00+00:00,London,1747.68,tp,193.5450000000019,2021,4,2021-04-08
LONG,1748.218,1740.02,1764.6,0.12,2021-04-08 08:15:00+00:00,London,1740.02,sl,-99.37600000000111,2021,4,2021-04-09
LONG,1744.598,1737.24,1759.31,0.14,2021-04-14 07:30:00+00:00,London,1737.24,sl,-104.01199999999928,2021,4,2021-04-14
LONG,1746.888,1739.96,1760.74,0.14,2021-04-15 07:15:00+00:00,London,1760.74,tp,192.92800000000128,2021,4,2021-04-15
LONG,1781.698,1772.88,1799.34,0.11,2021-05-05 08:45:00+00:00,London,1799.34,tp,193.06199999999808,2021,5,2021-05-06
LONG,1833.825,1825.09,1851.29,0.11,2021-05-14 06:15:00+00:00,London,1851.29,tp,191.1149999999991,2021,5,2021-05-17
LONG,1862.485,1850.46,1886.54,0.08,2021-05-19 08:00:00+00:00,London,1886.54,tp,191.4400000000005,2021,5,2021-05-19
LONG,1871.345,1859.26,1895.52,0.08,2021-05-20 07:00:00+00:00,London,1895.52,tp,192.39999999999964,2021,5,2021-05-25
SHORT,1864.348,1872.05,1848.95,0.13,2021-06-15 06:30:00+00:00,London,1848.95,tp,199.17399999999884,2021,6,2021-06-16
SHORT,1780.488,1790.57,1760.33,0.1,2021-06-22 07:45:00+00:00,London,1790.57,sl,-101.8199999999988,2021,6,2021-06-23
SHORT,1776.958,1784.09,1762.7,0.14,2021-06-28 06:30:00+00:00,London,1762.7,tp,198.61200000000053,2021,6,2021-06-29
LONG,1807.508,1799.14,1824.25,0.12,2021-07-07 08:00:00+00:00,London,1799.14,sl,-101.41599999999926,2021,7,2021-07-07
SHORT,1796.468,1803.22,1782.96,0.15,2021-07-22 07:45:00+00:00,London,1803.22,sl,-102.27999999999928,2021,7,2021-07-22
SHORT,1796.738,1802.82,1784.57,0.16,2021-07-27 06:00:00+00:00,London,1802.82,sl,-98.31199999999808,2021,7,2021-07-27
LONG,1798.035,1788.07,1817.97,0.1,2021-08-27 08:30:00+00:00,London,1788.07,sl,-100.65000000000146,2021,8,2021-08-27
LONG,1816.314,1809.03,1830.87,0.14,2021-08-30 06:15:00+00:00,London,1809.03,sl,-102.97600000000149,2021,8,2021-08-30
LONG,1814.265,1807.37,1828.06,0.14,2021-09-01 08:15:00+00:00,London,1807.37,sl,-97.53000000000293,2021,9,2021-09-02
SHORT,1797.688,1803.87,1785.32,0.16,2021-09-08 06:45:00+00:00,London,1785.32,tp,196.88800000000265,2021,9,2021-09-08
SHORT,1795.065,1803.32,1778.55,0.12,2021-09-10 08:30:00+00:00,London,1803.32,sl,-100.05999999999858,2021,9,2021-09-14
SHORT,1757.478,1766.93,1738.57,0.11,2021-09-17 08:30:00+00:00,London,1766.93,sl,-104.97199999999998,2021,9,2021-09-20
SHORT,1770.197,1781.12,1748.36,0.09,2021-09-23 08:15:00+00:00,London,1748.36,tp,195.5329999999999,2021,9,2021-09-23
SHORT,1754.357,1763.59,1735.9,0.11,2021-09-24 07:00:00+00:00,London,1735.9,tp,202.02699999999868,2021,9,2021-09-28
SHORT,1741.535,1750.71,1723.18,0.11,2021-09-29 08:00:00+00:00,London,1723.18,tp,200.90500000000023,2021,9,2021-09-29
LONG,1779.494,1772.93,1792.63,0.15,2021-10-20 07:45:00+00:00,London,1792.63,tp,196.0400000000029,2021,10,2021-10-22
LONG,1792.848,1786.19,1806.17,0.15,2021-10-22 07:00:00+00:00,London,1806.17,tp,198.83000000000172,2021,10,2021-10-22
LONG,1801.424,1793.92,1816.42,0.13,2021-10-25 07:00:00+00:00,London,1793.92,sl,-98.55199999999877,2021,10,2021-10-26
SHORT,1775.968,1782.81,1762.29,0.15,2021-11-03 07:30:00+00:00,London,1762.29,tp,204.17000000000166,2021,11,2021-11-03
LONG,1795.548,1785.35,1815.94,0.1,2021-11-05 08:00:00+00:00,London,1815.94,tp,202.92000000000056,2021,11,2021-11-05
LONG,1863.718,1856.01,1879.14,0.13,2021-11-15 07:45:00+00:00,London,1856.01,sl,-101.20400000000109,2021,11,2021-11-16
SHORT,1792.898,1803.61,1771.47,0.09,2021-11-29 08:00:00+00:00,London,1803.61,sl,-97.40799999999989,2021,11,2021-11-30
SHORT,1783.738,1790.7,1769.82,0.14,2021-12-14 08:00:00+00:00,London,1769.82,tp,193.85200000000168,2021,12,2021-12-14
LONG,1806.298,1800.83,1817.23,0.18,2021-12-23 06:45:00+00:00,London,1800.83,sl,-99.42400000000134,2021,12,2021-12-23
LONG,1802.658,1795.52,1816.92,0.14,2021-12-30 08:30:00+00:00,London,1816.92,tp,198.66800000000242,2021,12,2021-12-30
LONG,1819.774,1814.3,1830.73,0.18,2021-12-31 06:30:00+00:00,London,1814.3,sl,-99.53199999999879,2022,1,2022-01-03
LONG,1819.953,1812.7,1834.46,0.14,2022-01-05 08:00:00+00:00,London,1812.7,sl,-102.54199999999902,2022,1,2022-01-05
LONG,1817.568,1811.12,1830.46,0.16,2022-01-12 07:15:00+00:00,London,1811.12,sl,-104.16800000000148,2022,1,2022-01-18
LONG,1819.294,1811.39,1835.1,0.13,2022-01-19 08:00:00+00:00,London,1835.1,tp,204.47799999999756,2022,1,2022-01-19
LONG,1839.304,1833.04,1851.84,0.16,2022-01-20 07:30:00+00:00,London,1833.04,sl,-101.22400000000198,2022,1,2022-01-21
LONG,1840.004,1833.34,1853.33,0.15,2022-01-24 07:00:00+00:00,London,1833.34,sl,-100.95999999999981,2022,1,2022-01-24
LONG,1819.764,1813.79,1831.71,0.17,2022-02-08 08:00:00+00:00,London,1831.71,tp,202.08200000000238,2022,2,2022-02-09
LONG,1855.918,1847.18,1873.39,0.11,2022-02-14 06:15:00+00:00,London,1873.39,tp,191.19200000000228,2022,2,2022-02-14
LONG,1856.218,1846.78,1875.09,0.11,2022-02-16 08:30:00+00:00,London,1875.09,tp,206.59199999999828,2022,2,2022-02-16
LONG,1897.031,1888.17,1914.75,0.11,2022-02-21 07:45:00+00:00,London,1914.75,tp,193.90900000000056,2022,2,2022-02-23
LONG,1946.297,1932.73,1973.44,0.07,2022-03-04 06:45:00+00:00,London,1973.44,tp,189.00100000000023,2022,3,2022-03-07
LONG,2006.772,1988.95,2042.42,0.06,2022-03-08 06:00:00+00:00,London,2042.42,tp,212.88800000000083,2022,3,2022-03-08
SHORT,1925.213,1935.57,1904.5,0.1,2022-03-21 06:45:00+00:00,London,1935.57,sl,-104.56999999999972,2022,3,2022-03-21
SHORT,1925.438,1936.45,1903.41,0.09,2022-03-22 06:30:00+00:00,London,1936.45,sl,-100.10799999999949,2022,3,2022-03-23
LONG,1956.153,1946.29,1975.87,0.1,2022-03-25 07:45:00+00:00,London,1946.29,sl,-99.63000000000058,2022,3,2022-03-25
LONG,1954.978,1945.36,1974.21,0.1,2022-04-12 06:00:00+00:00,London,1974.21,tp,191.3199999999997,2022,4,2022-04-12
LONG,1977.363,1967.39,1997.31,0.1,2022-04-13 08:45:00+00:00,London,1967.39,sl,-100.72999999999956,2022,4,2022-04-14
LONG,1991.272,1982.28,2009.26,0.11,2022-04-18 07:30:00+00:00,London,1982.28,sl,-99.91199999999958,2022,4,2022-04-18
SHORT,1896.323,1908.64,1871.69,0.08,2022-04-27 08:45:00+00:00,London,1908.64,sl,-99.53600000000006,2022,4,2022-04-29
SHORT,1879.345,1889.21,1859.62,0.1,2022-05-02 07:00:00+00:00,London,1859.62,tp,196.25000000000136,2022,5,2022-05-02
SHORT,1868.075,1877.46,1849.3,0.11,2022-05-04 08:00:00+00:00,London,1877.46,sl,-104.2349999999999,2022,5,2022-05-04
SHORT,1858.972,1870.57,1835.78,0.09,2022-05-10 08:15:00+00:00,London,1835.78,tp,207.72800000000007,2022,5,2022-05-10
SHORT,1848.008,1858.53,1826.96,0.1,2022-05-12 06:30:00+00:00,London,1826.96,tp,209.48000000000005,2022,5,2022-05-12
LONG,1857.738,1849.4,1874.42,0.12,2022-05-24 06:45:00+00:00,London,1849.4,sl,-101.05599999999959,2022,5,2022-05-25
LONG,1858.648,1851.26,1873.42,0.14,2022-05-27 07:00:00+00:00,London,1851.26,sl,-104.43199999999888,2022,5,2022-05-27
LONG,1866.023,1859.27,1879.54,0.15,2022-06-03 06:45:00+00:00,London,1859.27,sl,-102.29499999999894,2022,6,2022-06-03
SHORT,1823.593,1836.16,1798.46,0.08,2022-06-14 07:00:00+00:00,London,1836.16,sl,-101.53600000000007,2022,6,2022-06-15
SHORT,1713.508,1724.23,1692.06,0.09,2022-07-14 07:45:00+00:00,London,1692.06,tp,192.03200000000083,2022,7,2022-07-20
LONG,1747.955,1737.31,1769.24,0.09,2022-07-28 08:30:00+00:00,London,1769.24,tp,190.56500000000074,2022,8,2022-08-01
LONG,1776.824,1768.65,1793.17,0.12,2022-08-02 07:00:00+00:00,London,1768.65,sl,-99.08799999999974,2022,8,2022-08-02
LONG,1781.774,1773.61,1798.1,0.12,2022-08-08 08:45:00+00:00,London,1798.1,tp,194.91200000000026,2022,8,2022-08-09
LONG,1792.274,1786.22,1804.39,0.17,2022-08-10 07:45:00+00:00,London,1804.39,tp,204.97200000000365,2022,8,2022-08-10
LONG,1788.574,1780.68,1804.36,0.13,2022-08-12 08:00:00+00:00,London,1780.68,sl,-103.62200000000009,2022,8,2022-08-15
SHORT,1767.578,1775.65,1751.44,0.12,2022-08-18 08:30:00+00:00,London,1751.44,tp,192.65599999999904,2022,8,2022-08-19
SHORT,1733.754,1741.55,1718.17,0.13,2022-08-30 06:00:00+00:00,London,1718.17,tp,201.59199999999785,2022,8,2022-08-31
SHORT,1712.394,1719.88,1697.42,0.13,2022-09-06 08:15:00+00:00,London,1697.42,tp,193.66199999999913,2022,9,2022-09-06
SHORT,1654.835,1666.14,1632.22,0.09,2022-10-14 07:45:00+00:00,London,1666.14,sl,-102.74500000000057,2022,10,2022-10-17
SHORT,1623.448,1632.49,1605.36,0.11,2022-10-21 07:30:00+00:00,London,1632.49,sl,-100.46199999999908,2022,10,2022-10-21
SHORT,1639.627,1646.96,1624.96,0.14,2022-10-31 06:45:00+00:00,London,1646.96,sl,-103.66200000000119,2022,11,2022-11-01
SHORT,1620.308,1630.99,1598.94,0.09,2022-11-03 07:30:00+00:00,London,1630.99,sl,-97.13800000000015,2022,11,2022-11-03
LONG,1676.928,1667.46,1695.87,0.11,2022-11-07 08:30:00+00:00,London,1667.46,sl,-105.14800000000082,2022,11,2022-11-08
LONG,1671.818,1664.04,1687.37,0.13,2022-11-08 07:30:00+00:00,London,1687.37,tp,201.1759999999988,2022,11,2022-11-08
LONG,1708.948,1697.57,1731.7,0.09,2022-11-09 08:30:00+00:00,London,1731.7,tp,203.76799999999957,2022,11,2022-11-10
LONG,1757.768,1750.43,1772.44,0.14,2022-11-24 06:30:00+00:00,London,1750.43,sl,-103.73199999999953,2022,11,2022-11-25
LONG,1755.258,1747.45,1770.88,0.13,2022-11-29 06:30:00+00:00,London,1747.45,sl,-102.5039999999999,2022,11,2022-11-29
LONG,1760.698,1754.01,1774.08,0.15,2022-11-30 06:15:00+00:00,London,1754.01,sl,-101.32000000000151,2022,11,2022-11-30
LONG,1796.125,1789.0,1810.37,0.14,2022-12-19 06:00:00+00:00,London,1789.0,sl,-100.75,2022,12,2022-12-19
LONG,1803.888,1792.88,1825.9,0.09,2022-12-20 08:30:00+00:00,London,1792.88,sl,-100.0719999999983,2022,12,2022-12-22
LONG,1807.145,1799.33,1822.78,0.13,2022-12-29 08:00:00+00:00,London,1822.78,tp,202.25499999999988,2022,12,2022-12-30
LONG,1837.015,1825.8,1859.45,0.09,2023-01-03 08:00:00+00:00,London,1859.45,tp,200.91499999999948,2023,1,2023-01-04
LONG,1837.358,1825.58,1860.91,0.08,2023-01-06 08:00:00+00:00,London,1860.91,tp,187.41600000000108,2023,1,2023-01-06
LONG,1916.735,1906.77,1936.67,0.1,2023-01-16 06:00:00+00:00,London,1906.77,sl,-100.64999999999918,2023,1,2023-01-17
LONG,1929.115,1918.86,1949.62,0.1,2023-01-20 08:15:00+00:00,London,1918.86,sl,-103.55000000000109,2023,1,2023-01-23
LONG,1955.065,1945.5,1974.19,0.1,2023-02-02 06:15:00+00:00,London,1945.5,sl,-96.65000000000055,2023,2,2023-02-02
SHORT,1863.065,1874.51,1840.17,0.09,2023-02-10 07:00:00+00:00,London,1840.17,tp,205.05499999999984,2023,2,2023-02-15
SHORT,1836.465,1844.79,1819.81,0.12,2023-02-16 06:15:00+00:00,London,1844.79,sl,-100.90000000000055,2023,2,2023-02-16
LONG,1978.488,1964.67,2006.13,0.07,2023-03-23 08:15:00+00:00,London,1964.67,sl,-97.72599999999989,2023,3,2023-03-27
LONG,1978.755,1970.55,1995.17,0.12,2023-03-31 06:15:00+00:00,London,1970.55,sl,-99.46000000000186,2023,3,2023-03-31
LONG,2022.155,2012.2,2042.07,0.1,2023-04-12 08:30:00+00:00,London,2012.2,sl,-100.54999999999927,2023,4,2023-04-12
LONG,2026.595,2018.32,2043.14,0.12,2023-04-13 06:45:00+00:00,London,2043.14,tp,197.54000000000087,2023,4,2023-04-13
SHORT,1959.654,1969.47,1940.02,0.1,2023-05-25 08:15:00+00:00,London,1940.02,tp,195.34000000000015,2023,5,2023-05-25
LONG,1980.234,1972.05,1996.6,0.12,2023-06-02 06:30:00+00:00,London,1972.05,sl,-99.20799999999963,2023,6,2023-06-02
SHORT,1933.565,1943.03,1914.63,0.11,2023-06-15 06:15:00+00:00,London,1943.03,sl,-105.11499999999909,2023,6,2023-06-15
SHORT,1934.175,1941.08,1920.37,0.14,2023-06-21 08:00:00+00:00,London,1920.37,tp,192.27000000000092,2023,6,2023-06-22
SHORT,1906.845,1913.88,1892.78,0.14,2023-06-28 08:45:00+00:00,London,1913.88,sl,-99.49000000000116,2023,6,2023-06-30
SHORT,1910.295,1918.57,1893.74,0.12,2023-07-06 08:15:00+00:00,London,1918.57,sl,-100.29999999999836,2023,7,2023-07-07
LONG,1968.544,1960.7,1984.22,0.13,2023-07-18 08:45:00+00:00,London,1984.22,tp,202.7879999999991,2023,7,2023-07-19
LONG,1976.895,1969.44,1991.81,0.13,2023-07-27 07:00:00+00:00,London,1969.44,sl,-97.91499999999905,2023,7,2023-07-27
SHORT,1933.775,1940.64,1920.04,0.15,2023-08-03 06:30:00+00:00,London,1940.64,sl,-103.97500000000012,2023,8,2023-08-04
SHORT,1934.625,1940.46,1922.96,0.17,2023-08-07 07:00:00+00:00,London,1940.46,sl,-100.19500000000062,2023,8,2023-08-07
SHORT,1924.425,1930.1,1913.07,0.18,2023-08-09 07:45:00+00:00,London,1913.07,tp,203.39000000000033,2023,8,2023-08-10
SHORT,1904.025,1908.81,1894.45,0.21,2023-08-15 06:00:00+00:00,London,1908.81,sl,-101.48499999999694,2023,8,2023-08-15
LONG,1944.365,1939.79,1953.51,0.22,2023-09-01 07:45:00+00:00,London,1939.79,sl,-101.650000000001,2023,9,2023-09-01
SHORT,1918.475,1923.55,1908.32,0.2,2023-09-07 08:30:00+00:00,London,1923.55,sl,-102.50000000000092,2023,9,2023-09-07
SHORT,1910.655,1916.01,1899.95,0.19,2023-09-13 08:00:00+00:00,London,1916.01,sl,-102.74500000000035,2023,9,2023-09-15
LONG,1932.678,1927.21,1943.62,0.18,2023-09-20 08:30:00+00:00,London,1943.62,tp,195.955999999996,2023,9,2023-09-20
SHORT,1821.675,1828.87,1807.29,0.14,2023-10-05 07:00:00+00:00,London,1828.87,sl,-101.72999999999912,2023,10,2023-10-06
LONG,1916.885,1907.07,1936.52,0.1,2023-10-16 08:00:00+00:00,London,1936.52,tp,195.3499999999999,2023,10,2023-10-17
LONG,1988.205,1980.0,2004.61,0.12,2023-11-03 06:15:00+00:00,London,1980.0,sl,-99.45999999999913,2023,11,2023-11-06
SHORT,1937.914,1944.85,1924.05,0.14,2023-11-13 06:15:00+00:00,London,1944.85,sl,-98.10399999999892,2023,11,2023-11-13
LONG,1965.434,1956.3,1983.7,0.11,2023-11-16 08:15:00+00:00,London,1983.7,tp,199.92600000000084,2023,11,2023-11-16
LONG,1989.005,1981.27,2004.47,0.13,2023-11-21 07:45:00+00:00,London,2004.47,tp,200.04499999999894,2023,11,2023-11-21
LONG,2002.135,1994.77,2016.87,0.14,2023-11-22 06:00:00+00:00,London,1994.77,sl,-104.11000000000014,2023,11,2023-11-22
LONG,1997.795,1992.52,2008.35,0.19,2023-11-24 08:15:00+00:00,London,2008.35,tp,199.54499999999692,2023,11,2023-11-27
LONG,2015.278,2009.83,2026.18,0.18,2023-11-28 06:00:00+00:00,London,2026.18,tp,195.2360000000008,2023,11,2023-11-28
SHORT,1985.195,1994.4,1966.78,0.11,2023-12-12 08:30:00+00:00,London,1994.4,sl,-102.2550000000017,2023,12,2023-12-13
LONG,2067.925,2059.76,2084.25,0.12,2023-12-27 08:00:00+00:00,London,2084.25,tp,194.89999999999782,2023,12,2023-12-27
SHORT,2020.785,2032.02,1998.31,0.09,2024-01-08 08:00:00+00:00,London,2032.02,sl,-102.11499999999909,2024,1,2024-01-08
SHORT,2030.655,2040.78,2010.41,0.1,2024-01-11 08:30:00+00:00,London,2040.78,sl,-102.25,2024,1,2024-01-12
SHORT,2023.805,2032.15,2007.11,0.12,2024-01-17 06:45:00+00:00,London,2007.11,tp,199.34000000000196,2024,1,2024-01-17
LONG,2035.365,2027.76,2050.58,0.13,2024-01-30 07:15:00+00:00,London,2050.58,tp,196.79499999999894,2024,1,2024-01-31
LONG,2041.135,2027.82,2067.76,0.08,2024-02-01 08:30:00+00:00,London,2027.82,sl,-107.52000000000044,2024,2,2024-02-02
SHORT,2025.295,2032.58,2010.73,0.14,2024-02-06 07:15:00+00:00,London,2032.58,sl,-102.98999999999798,2024,2,2024-02-06
SHORT,2032.075,2038.23,2019.76,0.16,2024-02-09 06:30:00+00:00,London,2019.76,tp,196.04000000000087,2024,2,2024-02-12
SHORT,2011.485,2022.23,1990.0,0.09,2024-02-13 08:30:00+00:00,London,1990.0,tp,192.3649999999991,2024,2,2024-02-13
LONG,2164.455,2154.82,2183.72,0.1,2024-03-13 08:15:00+00:00,London,2154.82,sl,-97.34999999999764,2024,3,2024-03-14
LONG,2190.228,2178.96,2212.77,0.09,2024-03-27 08:30:00+00:00,London,2212.77,tp,201.87799999999922,2024,3,2024-03-28
LONG,2273.598,2258.98,2302.84,0.07,2024-04-03 07:45:00+00:00,London,2302.84,tp,203.69400000000135,2024,4,2024-04-03
LONG,2295.595,2276.77,2333.24,0.05,2024-04-05 08:15:00+00:00,London,2333.24,tp,187.2249999999999,2024,4,2024-04-08
SHORT,2299.188,2313.49,2270.58,0.07,2024-05-02 07:15:00+00:00,London,2313.49,sl,-101.11399999999777,2024,5,2024-05-03
LONG,2375.495,2362.17,2402.15,0.08,2024-05-15 08:30:00+00:00,London,2362.17,sl,-107.59999999999854,2024,5,2024-05-15
LONG,2383.635,2373.7,2403.51,0.1,2024-05-17 06:00:00+00:00,London,2403.51,tp,197.75,2024,5,2024-05-17
SHORT,2343.525,2353.46,2323.66,0.1,2024-05-29 07:00:00+00:00,London,2323.66,tp,197.65000000000236,2024,5,2024-05-30
SHORT,2331.255,2342.96,2307.85,0.09,2024-06-04 06:30:00+00:00,London,2342.96,sl,-106.34499999999933,2024,6,2024-06-05
LONG,2337.275,2328.86,2354.1,0.12,2024-06-20 06:15:00+00:00,London,2354.1,tp,200.8999999999978,2024,6,2024-06-20
SHORT,2313.408,2323.76,2292.7,0.1,2024-06-26 06:00:00+00:00,London,2323.76,sl,-104.52000000000317,2024,6,2024-06-27
LONG,2345.308,2335.8,2364.32,0.11,2024-07-03 07:45:00+00:00,London,2364.32,tp,208.13200000000188,2024,7,2024-07-03
LONG,2358.305,2349.54,2375.83,0.11,2024-07-04 06:15:00+00:00,London,2375.83,tp,191.775000000001,2024,7,2024-07-05
LONG,2373.328,2364.03,2391.92,0.11,2024-07-10 06:00:00+00:00,London,2391.92,tp,203.51200000000108,2024,7,2024-07-11
LONG,2440.905,2425.73,2471.26,0.07,2024-07-16 08:00:00+00:00,London,2471.26,tp,211.48500000000016,2024,7,2024-07-16
SHORT,2373.545,2388.32,2344.0,0.07,2024-07-25 07:15:00+00:00,London,2388.32,sl,-104.42500000000065,2024,7,2024-07-26
LONG,2420.328,2408.74,2443.5,0.09,2024-07-31 08:15:00+00:00,London,2443.5,tp,207.54800000000023,2024,7,2024-07-31
LONG,2428.328,2415.64,2453.7,0.08,2024-08-09 08:30:00+00:00,London,2453.7,tp,201.97599999999875,2024,8,2024-08-12
LONG,2462.078,2451.64,2482.95,0.1,2024-08-13 06:45:00+00:00,London,2451.64,sl,-105.38000000000103,2024,8,2024-08-14
LONG,2526.425,2516.43,2546.42,0.1,2024-08-26 07:45:00+00:00,London,2516.43,sl,-100.95000000000346,2024,8,2024-08-26
LONG,2518.835,2509.96,2536.58,0.11,2024-09-06 06:45:00+00:00,London,2509.96,sl,-98.625,2024,9,2024-09-06
LONG,2506.638,2496.96,2525.99,0.1,2024-09-10 08:00:00+00:00,London,2525.99,tp,192.51999999999862,2024,9,2024-09-11
LONG,2522.485,2514.03,2539.4,0.12,2024-09-11 07:30:00+00:00,London,2514.03,sl,-102.45999999999913,2024,9,2024-09-11
LONG,2587.625,2571.06,2620.76,0.06,2024-09-19 07:30:00+00:00,London,2571.06,sl,-100.39000000000033,2024,9,2024-09-19
LONG,2623.848,2611.05,2649.45,0.08,2024-09-23 08:30:00+00:00,London,2649.45,tp,203.81599999999892,2024,9,2024-09-24
SHORT,2617.785,2633.05,2587.25,0.07,2024-10-09 08:15:00+00:00,London,2633.05,sl,-107.85500000000229,2024,10,2024-10-10
LONG,2683.115,2672.72,2703.91,0.1,2024-10-17 06:00:00+00:00,London,2703.91,tp,206.95000000000076,2024,10,2024-10-17
LONG,2735.185,2724.44,2756.68,0.09,2024-10-22 08:00:00+00:00,London,2756.68,tp,192.454999999999,2024,10,2024-10-23
LONG,2736.938,2725.08,2760.65,0.08,2024-10-24 07:00:00+00:00,London,2725.08,sl,-95.8640000000014,2024,10,2024-10-24
LONG,2751.738,2741.33,2772.55,0.1,2024-10-29 06:45:00+00:00,London,2772.55,tp,207.12000000000356,2024,10,2024-10-29
SHORT,2637.295,2651.12,2609.65,0.07,2024-12-06 06:30:00+00:00,London,2651.12,sl,-97.77499999999874,2024,12,2024-12-09
LONG,2674.564,2659.82,2704.04,0.07,2024-12-10 08:15:00+00:00,London,2704.04,tp,205.3320000000008,2024,12,2024-12-10
LONG,2696.024,2680.7,2726.67,0.07,2024-12-11 07:30:00+00:00,London,2680.7,sl,-108.2680000000005,2024,12,2024-12-12
SHORT,2641.838,2652.99,2619.54,0.09,2024-12-17 08:15:00+00:00,London,2619.54,tp,199.68200000000206,2024,12,2024-12-18
SHORT,2617.225,2629.77,2592.14,0.08,2024-12-23 08:45:00+00:00,London,2629.77,sl,-101.36000000000058,2024,12,2024-12-26
SHORT,2613.028,2625.17,2588.74,0.08,2024-12-30 08:30:00+00:00,London,2625.17,sl,-98.13600000000224,2024,12,2024-12-31
LONG,2642.764,2630.78,2666.73,0.08,2025-01-02 08:45:00+00:00,London,2630.78,sl,-96.87199999999939,2025,1,2025-01-06
LONG,2651.848,2641.93,2671.69,0.1,2025-01-08 07:45:00+00:00,London,2671.69,tp,197.42000000000098,2025,1,2025-01-09
LONG,2679.755,2667.25,2704.76,0.08,2025-01-10 08:00:00+00:00,London,2667.25,sl,-101.04000000000089,2025,1,2025-01-10
LONG,2686.545,2677.18,2705.27,0.11,2025-01-15 07:15:00+00:00,London,2677.18,sl,-104.01500000000262,2025,1,2025-01-15
LONG,2707.889,2698.19,2727.28,0.1,2025-01-17 06:45:00+00:00,London,2727.28,tp,192.9100000000008,2025,1,2025-01-20
LONG,2867.525,2854.81,2892.96,0.08,2025-02-07 06:45:00+00:00,London,2854.81,sl,-102.72000000000116,2025,2,2025-02-07
LONG,2939.955,2926.23,2967.4,0.07,2025-02-19 08:00:00+00:00,London,2926.23,sl,-97.07499999999938,2025,2,2025-02-19
SHORT,2856.935,2875.38,2820.04,0.05,2025-02-28 08:15:00+00:00,London,2875.38,sl,-93.22500000000082,2025,3,2025-03-03
LONG,2919.525,2905.29,2947.99,0.07,2025-03-11 08:30:00+00:00,London,2947.99,tp,198.25499999999786,2025,3,2025-03-13
LONG,2946.088,2933.83,2970.61,0.08,2025-03-13 07:30:00+00:00,London,2970.61,tp,195.17599999999948,2025,3,2025-03-13
LONG,3125.725,3106.89,3163.4,0.05,2025-04-02 08:15:00+00:00,London,3106.89,sl,-95.17500000000018,2025,4,2025-04-02
LONG,3121.995,3087.45,3191.09,0.03,2025-04-10 07:15:00+00:00,London,3191.09,tp,206.28500000000074,2025,4,2025-04-10
LONG,3222.865,3195.74,3277.11,0.04,2025-04-14 07:00:00+00:00,London,3195.74,sl,-109.5,2025,4,2025-04-14
SHORT,3258.215,3284.24,3206.17,0.04,2025-05-02 08:15:00+00:00,London,3284.24,sl,-105.09999999999854,2025,5,2025-05-05
SHORT,3248.885,3275.92,3194.81,0.04,2025-05-13 07:45:00+00:00,London,3194.81,tp,215.3000000000011,2025,5,2025-05-14
SHORT,3204.425,3237.51,3138.26,0.03,2025-05-16 06:00:00+00:00,London,3237.51,sl,-100.25500000000011,2025,5,2025-05-19
LONG,3327.748,3302.85,3377.55,0.04,2025-05-23 06:15:00+00:00,London,3302.85,sl,-100.59200000000055,2025,5,2025-05-27
LONG,3349.105,3326.33,3394.65,0.04,2025-06-02 06:15:00+00:00,London,3394.65,tp,181.1800000000003,2025,6,2025-06-05
SHORT,3324.395,3347.97,3277.24,0.04,2025-06-24 07:15:00+00:00,London,3347.97,sl,-95.29999999999927,2025,6,2025-06-26
LONG,3353.185,3337.69,3384.18,0.06,2025-07-03 06:30:00+00:00,London,3337.69,sl,-93.96999999999935,2025,7,2025-07-03
SHORT,3308.048,3322.81,3278.53,0.07,2025-07-07 06:15:00+00:00,London,3322.81,sl,-104.33400000000121,2025,7,2025-07-07
SHORT,3287.585,3303.65,3255.46,0.06,2025-07-09 07:15:00+00:00,London,3303.65,sl,-97.39000000000031,2025,7,2025-07-09
LONG,3346.648,3331.17,3377.61,0.06,2025-07-11 08:15:00+00:00,London,3331.17,sl,-93.8680000000004,2025,7,2025-07-15
LONG,3365.985,3353.64,3390.68,0.08,2025-07-21 06:45:00+00:00,London,3390.68,tp,196.55999999999767,2025,7,2025-07-21
SHORT,3336.945,3350.46,3309.91,0.07,2025-07-28 06:15:00+00:00,London,3309.91,tp,188.24500000000216,2025,7,2025-07-28
SHORT,3321.848,3336.28,3292.98,0.07,2025-07-29 06:45:00+00:00,London,3292.98,tp,201.07599999999957,2025,7,2025-07-30
LONG,3367.615,3349.03,3404.79,0.05,2025-08-04 08:45:00+00:00,London,3404.79,tp,184.8750000000009,2025,8,2025-08-07
LONG,3394.075,3375.09,3432.04,0.05,2025-08-08 08:15:00+00:00,London,3375.09,sl,-95.92499999999838,2025,8,2025-08-08
LONG,3366.865,3355.94,3388.71,0.09,2025-08-25 06:30:00+00:00,London,3355.94,sl,-99.32499999999754,2025,8,2025-08-25
LONG,3376.255,3361.95,3404.87,0.07,2025-08-26 07:00:00+00:00,London,3404.87,tp,199.3049999999985,2025,8,2025-08-28
LONG,3412.535,3397.43,3442.75,0.07,2025-08-29 08:30:00+00:00,London,3442.75,tp,210.50500000000102,2025,8,2025-08-29
LONG,3545.065,3523.9,3587.39,0.05,2025-09-04 06:00:00+00:00,London,3587.39,tp,210.62499999999912,2025,9,2025-09-05
LONG,3644.525,3626.78,3680.02,0.06,2025-09-15 08:30:00+00:00,London,3680.02,tp,211.96999999999935,2025,9,2025-09-15
LONG,3669.285,3653.64,3700.57,0.06,2025-09-17 08:00:00+00:00,London,3700.57,tp,186.71000000000186,2025,9,2025-09-17
LONG,3751.475,3729.35,3795.72,0.05,2025-09-26 08:00:00+00:00,London,3795.72,tp,220.22499999999948,2025,9,2025-09-29
LONG,3819.045,3789.2,3878.73,0.03,2025-09-30 08:45:00+00:00,London,3878.73,tp,178.05499999999984,2025,10,2025-10-01
LONG,3965.725,3940.04,4017.1,0.04,2025-10-07 07:30:00+00:00,London,4017.1,tp,204.50000000000003,2025,10,2025-10-08
LONG,4076.055,4042.1,4143.96,0.03,2025-10-13 06:15:00+00:00,London,4143.96,tp,202.71500000000057,2025,10,2025-10-13
SHORT,4033.595,4084.48,3931.83,0.02,2025-10-27 08:15:00+00:00,London,3931.83,tp,202.52999999999977,2025,10,2025-10-28
SHORT,3970.575,4020.06,3871.6,0.02,2025-10-30 07:15:00+00:00,London,4020.06,sl,-99.97000000000025,2025,10,2025-10-30
SHORT,3983.615,4020.72,3909.4,0.03,2025-11-04 08:15:00+00:00,London,4020.72,sl,-112.31500000000005,2025,11,2025-11-07
LONG,4128.225,4101.3,4182.07,0.04,2025-11-12 06:30:00+00:00,London,4182.07,tp,214.37999999999738,2025,11,2025-11-12
LONG,4137.958,4104.67,4204.53,0.03,2025-11-25 08:00:00+00:00,London,4204.53,tp,198.71600000000035,2025,11,2025-11-28
LONG,4219.525,4189.54,4279.49,0.03,2025-12-11 08:30:00+00:00,London,4279.49,tp,178.89500000000044,2025,12,2025-12-11
LONG,4321.055,4295.65,4371.87,0.04,2025-12-17 07:15:00+00:00,London,4371.87,tp,202.2599999999984,2025,12,2025-12-18
LONG,4514.285,4483.53,4575.8,0.03,2025-12-26 08:00:00+00:00,London,4483.53,sl,-93.26500000000031,2025,12,2025-12-29
SHORT,4311.375,4356.04,4222.05,0.02,2025-12-31 08:00:00+00:00,London,4356.04,sl,-90.32999999999993,2026,1,2026-01-01
LONG,4460.835,4426.61,4529.29,0.03,2026-01-06 08:30:00+00:00,London,4426.61,sl,-103.67500000000109,2026,1,2026-01-07
LONG,4472.235,4440.97,4534.76,0.03,2026-01-09 08:15:00+00:00,London,4534.76,tp,186.57500000000164,2026,1,2026-01-12
LONG,4616.365,4585.34,4678.42,0.03,2026-01-15 07:15:00+00:00,London,4585.34,sl,-94.07499999999891,2026,1,2026-01-15
LONG,4666.725,4635.19,4729.8,0.03,2026-01-19 06:15:00+00:00,London,4729.8,tp,188.22499999999945,2026,1,2026-01-20
LONG,4827.595,4782.4,4917.99,0.02,2026-01-22 06:15:00+00:00,London,4917.99,tp,179.78999999999905,2026,1,2026-01-22
LONG,4938.945,4887.51,5041.82,0.02,2026-01-23 08:45:00+00:00,London,5041.82,tp,204.75,2026,1,2026-01-26
LONG,5090.025,5037.83,5194.41,0.02,2026-01-27 06:00:00+00:00,London,5194.41,tp,207.77000000000044,2026,1,2026-01-27
SHORT,4871.325,4997.05,4619.88,0.01,2026-02-05 06:30:00+00:00,London,4997.05,sl,-126.72500000000038,2026,2,2026-02-09
LONG,5024.915,4986.83,5101.09,0.03,2026-02-20 07:30:00+00:00,London,5101.09,tp,227.52500000000055,2026,2,2026-02-20
SHORT,5080.798,5137.45,4967.5,0.02,2026-03-06 06:30:00+00:00,London,5137.45,sl,-114.30400000000009,2026,3,2026-03-06
SHORT,5094.598,5163.56,4956.67,0.01,2026-03-09 07:45:00+00:00,London,5163.56,sl,-69.96200000000044,2026,3,2026-03-09
SHORT,5101.485,5155.73,4993.0,0.02,2026-03-13 08:45:00+00:00,London,4993.0,tp,215.96999999999935,2026,3,2026-03-16
SHORT,4996.845,5050.57,4889.39,0.02,2026-03-16 06:45:00+00:00,London,4889.39,tp,213.90999999999985,2026,3,2026-03-18
